{
	"name": "ls_snowflake",
	"properties": {
		"annotations": [],
		"type": "SnowflakeV2",
		"typeProperties": {
			"authenticationType": "Basic",
			"accountIdentifier": "REED-RINPPOLARISNONPROD.privatelink",
			"user": "INTEGRATION_ADF_RINP_POLARISUAT",
			"database": "POLARISUAT_DB",
			"warehouse": "POLARISUAT_ADF_ETL_VWH",
			"password": {
				"type": "AzureKeyVaultSecret",
				"store": {
					"referenceName": "ls_keyvault",
					"type": "LinkedServiceReference"
				},
				"secretName": "snowflake-password"
			}
		},
		"connectVia": {
			"referenceName": "AutoResolveIntegrationRuntime",
			"type": "IntegrationRuntimeReference"
		}
	}
}