{
	"name": "snowflake_rinpnonprod_uat",
	"type": "Microsoft.DataFactory/factories/linkedservices",
	"properties": {
		"description": "Snowflake RINPNONPROD UAT environment",
		"annotations": [],
		"type": "Snowflake",
		"typeProperties": {
			"authenticationType": "Basic",
			"connectionString": {
				"type": "AzureKeyVaultSecret",
				"store": {
					"referenceName": "kv_adf_uat",
					"type": "LinkedServiceReference"
				},
				"secretName": "snowflake-rinpnonprod-uat-connection-string"
			}
		},
		"connectVia": {
			"referenceName": "AutoResolveIntegrationRuntime",
			"type": "IntegrationRuntimeReference"
		}
	}
}