{
	"name": "DWDailyRefresh",
	"properties": {
		"description": "Daily DW Refresh based on incremental load only (CDC dependency at source end)",
		"annotations": [],
		"runtimeState": "Stopped",
		"pipelines": [
			{
				"pipelineReference": {
					"referenceName": "PL_CRMDataIngestionToDW_Incremental",
					"type": "PipelineReference"
				}
			}
		],
		"type": "ScheduleTrigger",
		"typeProperties": {
			"recurrence": {
				"frequency": "Day",
				"interval": 1,
				"startTime": "2024-07-09T16:29:00",
				"timeZone": "GMT Standard Time",
				"schedule": {
					"minutes": [
						0
					],
					"hours": [
						2
					]
				}
			}
		}
	}
}