{
	"name": "adf-polaris-uat-uksouth",
	"properties": {
		"globalParameters": {
			"vGlobalEnv": {
				"type": "string",
				"value": "DEV"
			},
			"vGlobalMetaEngine": {
				"type": "string",
				"value": "POLARISDW_METAENGINE_SCHEMA"
			},
			"vGlobalRaw": {
				"type": "string",
				"value": "POLARISDW_RAW_SCHEMA"
			},
			"vGlobalDB": {
				"type": "string",
				"value": "POLARISUAT_DB"
			},
			"vGlobalRawDS": {
				"type": "string",
				"value": "RAW"
			},
			"vGlobalCuratedDS": {
				"type": "string",
				"value": "CURATED"
			},
			"vGlobalCurated": {
				"type": "string",
				"value": "POLARISDW_CURATION_SCHEMA"
			},
			"vGlobalMetaDS": {
				"type": "string",
				"value": "METAENGINE"
			},
			"vGlobalEnriched": {
				"type": "string",
				"value": "POLARISDW_ENRICHED_SCHEMA"
			},
			"vGlobalEnrichedDS": {
				"type": "string",
				"value": "ENRICHED"
			},
			"vGlobalDWLogPath": {
				"type": "string",
				"value": "CRMLogs"
			},
			"vGlobalDWStagePath": {
				"type": "string",
				"value": "CRMStage"
			}
		}
	},
	"location": "uksouth",
	"identity": {
		"type": "SystemAssigned",
		"principalId": "1af85513-a6cd-4c81-94f2-9ec49f7c9be1",
		"tenantId": "3d97076e-80d1-41ff-9ebb-3c9d9ee234ad"
	}
}