{
	"name": "DataDestination",
	"properties": {
		"description": "Connection to your destination data store.",
		"linkedServiceName": {
			"referenceName": "storage_staging_uat",
			"type": "LinkedServiceReference"
		},
		"parameters": {
			"Data_Destination_Container": {
				"type": "String"
			},
			"Data_Destination_Directory": {
				"type": "String"
			}
		},
		"folder": {
			"name": "DevSpace_DS"
		},
		"annotations": [],
		"type": "DelimitedText",
		"typeProperties": {
			"location": {
				"type": "AzureBlobStorageLocation",
				"folderPath": {
					"value": "@{dataset().Data_Destination_Directory}",
					"type": "Expression"
				},
				"container": {
					"value": "@{dataset().Data_Destination_Container}",
					"type": "Expression"
				}
			},
			"columnDelimiter": ",",
			"escapeChar": "\\",
			"firstRowAsHeader": true,
			"quoteChar": "\""
		},
		"schema": []
	}
}