{
	"name": "DelimitedText2",
	"properties": {
		"linkedServiceName": {
			"referenceName": "storage_staging_uat",
			"type": "LinkedServiceReference",
			"parameters": {
				"STORAGE_INTEGRATION": "AZURESTORAGEINTEGRATION"
			}
		},
		"parameters": {
			"Folder": {
				"type": "string"
			},
			"FileItem": {
				"type": "string"
			}
		},
		"folder": {
			"name": "DevSpace_DS"
		},
		"annotations": [],
		"type": "DelimitedText",
		"typeProperties": {
			"location": {
				"type": "AzureBlobStorageLocation",
				"fileName": {
					"value": "@dataset().FileItem",
					"type": "Expression"
				},
				"folderPath": {
					"value": "@dataset().Folder",
					"type": "Expression"
				},
				"container": "snowflakestaging"
			},
			"columnDelimiter": ",",
			"rowDelimiter": "\r",
			"escapeChar": "\\",
			"firstRowAsHeader": false,
			"quoteChar": "\""
		},
		"schema": []
	}
}