{
	"name": "DS_DWCuration_Orig",
	"properties": {
		"linkedServiceName": {
			"referenceName": "snowflake_rinpnonprod_uat",
			"type": "LinkedServiceReference"
		},
		"parameters": {
			"Curated_Schema": {
				"type": "string",
				"defaultValue": "DEV_POLARISDW_CURATION_SCHEMA"
			},
			"Curated_Table": {
				"type": "string",
				"defaultValue": "USER_SERVICE_USERS_CURATED"
			}
		},
		"folder": {
			"name": "DevSpace_DS"
		},
		"annotations": [],
		"type": "SnowflakeTable",
		"schema": [],
		"typeProperties": {
			"schema": {
				"value": "@dataset().Curated_Schema",
				"type": "Expression"
			},
			"table": {
				"value": "@dataset().Curated_Table",
				"type": "Expression"
			}
		}
	}
}