{
	"name": "DS_DWCuration",
	"properties": {
		"linkedServiceName": {
			"referenceName": "ls_snowflake",
			"type": "LinkedServiceReference"
		},
		"parameters": {
			"Curated_Schema": {
				"type": "string"
			},
			"Curated_Table": {
				"type": "string"
			}
		},
		"folder": {
			"name": "DS_PolarisDW"
		},
		"annotations": [],
		"type": "SnowflakeV2Table",
		"schema": [],
		"typeProperties": {
			"schema": {
				"value": "@dataset().Curated_Schema",
				"type": "Expression"
			},
			"table": {
				"value": "@dataset().Curated_Table",
				"type": "Expression"
			}
		}
	}
}