{
	"name": "DS_PolarisSharepointDW",
	"properties": {
		"linkedServiceName": {
			"referenceName": "http_spo_rip_management_information",
			"type": "LinkedServiceReference"
		},
		"folder": {
			"name": "DS_PolarisDW"
		},
		"annotations": [],
		"type": "Binary",
		"typeProperties": {
			"location": {
				"type": "HttpServerLocation",
				"relativeUrl": "/sites/rip-4209-management-information/_api/web/GetFileByServerRelativeUrl('/sites/rip-4209-management-information/Shared Documents/Developer Team/Snowflake Configs/PolarisActiveColumnsforBI.xlsx')/$value"
			}
		}
	}
}