{
	"name": "DS_PolarisSharepointDW_NotinUse",
	"properties": {
		"linkedServiceName": {
			"referenceName": "http_spo_rip_management_information",
			"type": "LinkedServiceReference"
		},
		"folder": {
			"name": "DevSpace_DS"
		},
		"annotations": [],
		"type": "Excel",
		"typeProperties": {
			"sheetName": {
				"value": "ActiveColumnImportList",
				"type": "Expression"
			},
			"location": {
				"type": "HttpServerLocation",
				"relativeUrl": "/sites/rip-4209-management-information/Shared%20Documents/Forms/AllItems.aspx?id=%2Fsites%2Frip%2D4209%2Dmanagement%2Dinformation%2FShared%20Documents%2FDeveloper%20Team%2FSnowflake%20Configs&viewid=be40be52%2D8f5f%2D4e79%2D92f5%2Df40c6dfc143f"
			}
		},
		"schema": []
	}
}