{
	"name": "DS_PolarisBlobConfigBinaryDW_ParaMeters",
	"properties": {
		"linkedServiceName": {
			"referenceName": "storage_staging_uat",
			"type": "LinkedServiceReference",
			"parameters": {
				"STORAGE_INTEGRATION": "AZURESTORAGEINTEGRATION"
			}
		},
		"parameters": {
			"Folder": {
				"type": "string"
			},
			"FileItem": {
				"type": "string"
			}
		},
		"folder": {
			"name": "DevSpace_DS"
		},
		"annotations": [],
		"type": "Binary",
		"typeProperties": {
			"location": {
				"type": "AzureBlobStorageLocation",
				"fileName": {
					"value": "@dataset().FileItem",
					"type": "Expression"
				},
				"folderPath": {
					"value": "@dataset().Folder",
					"type": "Expression"
				},
				"container": "snowflakestaging"
			}
		}
	}
}