{
	"name": "DS_PolarisBlobStorage_Curation",
	"properties": {
		"linkedServiceName": {
			"referenceName": "storage_staging_uat",
			"type": "LinkedServiceReference"
		},
		"parameters": {
			"pDirectory": {
				"type": "string"
			}
		},
		"folder": {
			"name": "DevSpace_DS"
		},
		"annotations": [],
		"type": "DelimitedText",
		"typeProperties": {
			"location": {
				"type": "AzureBlobStorageLocation",
				"container": "snowflakestaging"
			},
			"columnDelimiter": ",",
			"escapeChar": "\\",
			"firstRowAsHeader": true,
			"quoteChar": "\""
		},
		"schema": []
	}
}