{
	"name": "DS_PolarisSnowflakeDW_Orig",
	"properties": {
		"linkedServiceName": {
			"referenceName": "snowflake_rinpnonprod_uat",
			"type": "LinkedServiceReference"
		},
		"parameters": {
			"DWSchema": {
				"type": "string",
				"defaultValue": "NULL"
			},
			"DWTable": {
				"type": "string",
				"defaultValue": "NULL"
			}
		},
		"folder": {
			"name": "DevSpace_DS"
		},
		"annotations": [],
		"type": "SnowflakeTable",
		"schema": [],
		"typeProperties": {
			"schema": {
				"value": "@dataset().DWSchema",
				"type": "Expression"
			},
			"table": {
				"value": "@dataset().DWTable",
				"type": "Expression"
			}
		}
	},
	"type": "Microsoft.DataFactory/factories/datasets"
}