{
	"name": "DS_PolarisAzureSQLDB_CDC",
	"properties": {
		"linkedServiceName": {
			"referenceName": "ls_sql",
			"type": "LinkedServiceReference"
		},
		"parameters": {
			"pTableName": {
				"type": "string"
			},
			"pSchemaName": {
				"type": "string"
			}
		},
		"folder": {
			"name": "DS_PolarisDW"
		},
		"annotations": [],
		"type": "AzureSqlTable",
		"schema": [],
		"typeProperties": {
			"schema": {
				"value": "@dataset().pSchemaName",
				"type": "Expression"
			},
			"table": {
				"value": "@dataset().pTableName",
				"type": "Expression"
			}
		}
	},
	"type": "Microsoft.DataFactory/factories/datasets"
}