{
	"name": "DS_PolarisBlobStorage_Raw2Curation",
	"properties": {
		"linkedServiceName": {
			"referenceName": "storage_staging_uat",
			"type": "LinkedServiceReference"
		},
		"parameters": {
			"pDirectory": {
				"type": "string"
			},
			"pRawStructure": {
				"type": "string"
			}
		},
		"folder": {
			"name": "DevSpace_DS"
		},
		"annotations": [],
		"type": "DelimitedText",
		"typeProperties": {
			"location": {
				"type": "AzureBlobStorageLocation",
				"fileName": {
					"value": "@dataset().pRawStructure",
					"type": "Expression"
				},
				"folderPath": {
					"value": "@dataset().pDirectory",
					"type": "Expression"
				},
				"container": "snowflakelogging"
			},
			"columnDelimiter": ",",
			"rowDelimiter": "\n",
			"escapeChar": "\\",
			"firstRowAsHeader": true,
			"quoteChar": "\""
		},
		"schema": []
	}
}