{
	"name": "irPolarisDW",
	"properties": {
		"type": "Managed",
		"typeProperties": {
			"computeProperties": {
				"location": "UK South",
				"dataFlowProperties": {
					"computeType": "General",
					"coreCount": 48,
					"timeToLive": 15,
					"cleanup": false,
					"customProperties": []
				},
				"pipelineExternalComputeScaleProperties": {
					"timeToLive": 60,
					"numberOfPipelineNodes": 8,
					"numberOfExternalNodes": 4
				}
			}
		},
		"managedVirtualNetwork": {
			"type": "ManagedVirtualNetworkReference",
			"referenceName": "default"
		}
	}
}