{
	"name": "dataflow1_copy1",
	"properties": {
		"folder": {
			"name": "DevSpace"
		},
		"type": "MappingDataFlow",
		"typeProperties": {
			"sources": [
				{
					"dataset": {
						"referenceName": "DS_PolarisAzureSQLDB",
						"type": "DatasetReference"
					},
					"name": "source1"
				}
			],
			"sinks": [
				{
					"dataset": {
						"referenceName": "DS_PolarisSnowflakeDW_Orig",
						"type": "DatasetReference"
					},
					"name": "sink1"
				}
			],
			"transformations": [
				{
					"name": "derivedColumn1"
				},
				{
					"name": "select1"
				}
			],
			"scriptLines": [
				"parameters{",
				"     pQueryItem as string",
				"}",
				"source(output(",
				"          id as string,",
				"          type_id as string,",
				"          location_id as string,",
				"          user_id as string,",
				"          start_time as integer,",
				"          end_time as integer,",
				"          date as date,",
				"          participant_id as string,",
				"          mandatory as boolean,",
				"          service_id as string,",
				"          inactive as boolean",
				"     ),",
				"     allowSchemaDrift: true,",
				"     validateSchema: false,",
				"     isolationLevel: 'READ_UNCOMMITTED',",
				"     query: ($pQueryItem),",
				"     format: 'query') ~> source1",
				"source1 derive(each(match(1==1), $$ = toString($$))) ~> derivedColumn1",
				"derivedColumn1 select(mapColumn(",
				"          each(match(1==1),",
				"               upper($$) = $$)",
				"     ),",
				"     skipDuplicateMapInputs: true,",
				"     skipDuplicateMapOutputs: true) ~> select1",
				"select1 sink(allowSchemaDrift: true,",
				"     validateSchema: false,",
				"     deletable:false,",
				"     insertable:true,",
				"     updateable:false,",
				"     upsertable:false,",
				"     truncate:true,",
				"     format: 'table',",
				"     skipDuplicateMapInputs: true,",
				"     skipDuplicateMapOutputs: true,",
				"     stageInsert: true) ~> sink1"
			]
		}
	}
}