{
	"name": "DF_CH_DML_COPY_DWCuration_STEP7",
	"properties": {
		"folder": {
			"name": "DevSpace"
		},
		"type": "MappingDataFlow",
		"typeProperties": {
			"sources": [
				{
					"dataset": {
						"referenceName": "DS_PolarisSnowflakeDW_Orig",
						"type": "DatasetReference"
					},
					"name": "srcPolarisCRM"
				}
			],
			"sinks": [
				{
					"dataset": {
						"referenceName": "DS_PolarisSnowflakeDW_Orig",
						"type": "DatasetReference"
					},
					"name": "dsnPolarisDW",
					"rejectedDataLinkedService": {
						"referenceName": "storage_staging_uat",
						"type": "LinkedServiceReference"
					}
				}
			],
			"transformations": [],
			"scriptLines": [
				"source(allowSchemaDrift: true,",
				"     validateSchema: false,",
				"     inferDriftedColumnTypes: true,",
				"     format: 'table') ~> srcPolarisCRM",
				"srcPolarisCRM sink(allowSchemaDrift: true,",
				"     validateSchema: false,",
				"     deletable:false,",
				"     insertable:true,",
				"     updateable:false,",
				"     upsertable:false,",
				"     format: 'table',",
				"     skipDuplicateMapInputs: true,",
				"     skipDuplicateMapOutputs: true,",
				"     stageInsert: true,",
				"     outputAssertFailedRows: true,",
				"     assertFailure_fileSystem: 'snowflakelogging',",
				"     assertFailure_folderPath: 'DEV_CRMLogs_CURATION2024-03-26') ~> dsnPolarisDW"
			]
		}
	}
}