{
	"name": "DF_CH_DML_COPY_DWCuration_STEP7_try",
	"properties": {
		"folder": {
			"name": "DevSpace"
		},
		"type": "MappingDataFlow",
		"typeProperties": {
			"sources": [
				{
					"dataset": {
						"referenceName": "DS_PolarisSnowflakeDW_Orig",
						"type": "DatasetReference"
					},
					"name": "srcPolarisCRM"
				},
				{
					"dataset": {
						"referenceName": "DS_PolarisSnowflakeDW_Orig",
						"type": "DatasetReference"
					},
					"name": "dwCuratedStru"
				}
			],
			"sinks": [
				{
					"dataset": {
						"referenceName": "DS_PolarisSnowflakeDW_Orig",
						"type": "DatasetReference"
					},
					"name": "dsnPolarisDW",
					"rejectedDataLinkedService": {
						"referenceName": "storage_staging_uat",
						"type": "LinkedServiceReference"
					}
				}
			],
			"transformations": [
				{
					"name": "derivedColumn1"
				},
				{
					"name": "select1"
				}
			],
			"scriptLines": [
				"source(allowSchemaDrift: true,",
				"     validateSchema: false,",
				"     inferDriftedColumnTypes: true,",
				"     format: 'table') ~> srcPolarisCRM",
				"source(allowSchemaDrift: true,",
				"     validateSchema: false,",
				"     inferDriftedColumnTypes: true,",
				"     format: 'table') ~> dwCuratedStru",
				"dwCuratedStru derive({$$} = @(each($$))) ~> derivedColumn1",
				"srcPolarisCRM select(skipDuplicateMapInputs: true,",
				"     skipDuplicateMapOutputs: true) ~> select1",
				"select1 sink(allowSchemaDrift: true,",
				"     validateSchema: false,",
				"     deletable:false,",
				"     insertable:true,",
				"     updateable:false,",
				"     upsertable:false,",
				"     format: 'table',",
				"     skipDuplicateMapInputs: true,",
				"     skipDuplicateMapOutputs: true,",
				"     stageInsert: true) ~> dsnPolarisDW"
			]
		}
	}
}