{
	"name": "DF_CH_DML_INSERT_DWEnriched_STEP9_Orig",
	"properties": {
		"folder": {
			"name": "DevSpace"
		},
		"type": "MappingDataFlow",
		"typeProperties": {
			"sources": [
				{
					"dataset": {
						"referenceName": "DS_DWCuration_Orig",
						"type": "DatasetReference"
					},
					"name": "CuratedInput"
				},
				{
					"dataset": {
						"referenceName": "DS_DWEnrichedSCD",
						"type": "DatasetReference"
					},
					"name": "ExistingDimensionTable"
				}
			],
			"sinks": [
				{
					"dataset": {
						"referenceName": "DS_DWEnrichedSCD",
						"type": "DatasetReference"
					},
					"name": "DimensionTableSink"
				}
			],
			"transformations": [
				{
					"name": "NewAndUpdatedRows"
				},
				{
					"name": "AddHashInput"
				},
				{
					"name": "AddHashExisting"
				},
				{
					"name": "GetMaxSurrogateKey"
				},
				{
					"name": "AddKey"
				},
				{
					"name": "JoinWithMaxSurrogateKey"
				},
				{
					"name": "AddDimensionColumns"
				},
				{
					"name": "FilterForUpdatedValues"
				},
				{
					"name": "UpdateObsolete"
				},
				{
					"name": "DropUnwantedColsInput"
				},
				{
					"name": "UnionAllData"
				},
				{
					"name": "MarkAsUpdate"
				},
				{
					"name": "DropUnwantedColumns"
				},
				{
					"name": "MarkAsInsert"
				},
				{
					"name": "FilterForActive"
				}
			],
			"script": "parameters{\n\tPrimaryKey as string,\n\tColumns as string\n}\nsource(allowSchemaDrift: true,\n\tvalidateSchema: false,\n\tlimit: (10),\n\tformat: 'table') ~> CuratedInput\nsource(allowSchemaDrift: true,\n\tvalidateSchema: false,\n\tformat: 'table') ~> ExistingDimensionTable\nAddHashInput, AddHashExisting exists(AddHashInput@id_hash == AddHashExisting@id_hash\n\t&& AddHashInput@columns_hash == AddHashExisting@columns_hash,\n\tnegate:true,\n\tbroadcast: 'auto')~> NewAndUpdatedRows\nCuratedInput derive(id_hash = md5(byName($PrimaryKey)),\n\t\tcolumns_hash = md5(byNames(split($Columns,',')))) ~> AddHashInput\nFilterForActive derive(id_hash = md5(byNames(split($PrimaryKey,','))),\n\t\tcolumns_hash = md5(byNames(split($Columns,',')))) ~> AddHashExisting\nAddHashExisting aggregate(MaxSurrogateKey = iifNull(max(toInteger(byName('SURKEY'))),0)) ~> GetMaxSurrogateKey\nNewAndUpdatedRows keyGenerate(output(SURKEY as long),\n\tstartAt: 1L,\n\tstepValue: 1L) ~> AddKey\nAddKey, GetMaxSurrogateKey join(SURKEY == MaxSurrogateKey || true(),\n\tjoinType:'cross',\n\tmatchType:'exact',\n\tignoreSpaces: false,\n\tbroadcast: 'auto')~> JoinWithMaxSurrogateKey\nJoinWithMaxSurrogateKey derive(SURKEY = SURKEY + iifNull(MaxSurrogateKey,0),\n\t\tSCDACTIVE = 1,\n\t\tSCDACTIVESTARTTIME = currentUTC(),\n\t\tSCDACTIVEENDTIME = toTimestamp(toString(null()))) ~> AddDimensionColumns\nAddHashExisting, NewAndUpdatedRows exists(AddHashExisting@id_hash == AddHashInput@id_hash,\n\tnegate:false,\n\tbroadcast: 'auto')~> FilterForUpdatedValues\nFilterForUpdatedValues derive(SCDACTIVE = 0,\n\t\tSCDACTIVEENDTIME = currentUTC()) ~> UpdateObsolete\nAddDimensionColumns select(mapColumn(\n\t\teach(match(!in(['id_hash','columns_hash','MaxSurrogateKey'],name)))\n\t),\n\tskipDuplicateMapInputs: true,\n\tskipDuplicateMapOutputs: true) ~> DropUnwantedColsInput\nMarkAsInsert, DropUnwantedColumns union(byName: true)~> UnionAllData\nUpdateObsolete alterRow(updateIf(true())) ~> MarkAsUpdate\nMarkAsUpdate select(mapColumn(\n\t\teach(match(!in(['id_hash','columns_hash','MaxSurrogateKey'],name)))\n\t),\n\tskipDuplicateMapInputs: true,\n\tskipDuplicateMapOutputs: true) ~> DropUnwantedColumns\nDropUnwantedColsInput alterRow(insertIf(true())) ~> MarkAsInsert\nExistingDimensionTable filter(toInteger(byName('SCDACTIVE')) == 1) ~> FilterForActive\nUnionAllData sink(allowSchemaDrift: true,\n\tvalidateSchema: false,\n\tdeletable:false,\n\tinsertable:true,\n\tupdateable:true,\n\tupsertable:false,\n\tkeys:[($PrimaryKey)],\n\tformat: 'table',\n\tskipDuplicateMapInputs: true,\n\tskipDuplicateMapOutputs: true) ~> DimensionTableSink"
		}
	}
}