{
	"name": "DF_CH_DML_DELTACOPY_DWRaw_STEP7",
	"properties": {
		"folder": {
			"name": "DF_PolarisDW"
		},
		"type": "MappingDataFlow",
		"typeProperties": {
			"sources": [
				{
					"dataset": {
						"referenceName": "DS_PolarisAzureSQLDB_CDC",
						"type": "DatasetReference"
					},
					"name": "srcPolarisCRM"
				}
			],
			"sinks": [
				{
					"dataset": {
						"referenceName": "DS_PolarisSnowflakeDW",
						"type": "DatasetReference"
					},
					"name": "dsnPolarisDW",
					"rejectedDataLinkedService": {
						"referenceName": "ls_storage",
						"type": "LinkedServiceReference"
					}
				}
			],
			"transformations": [
				{
					"name": "ConverToStringType",
					"description": "Convert all incoming data types to String type for zero failure."
				},
				{
					"name": "CovertToUpperCase",
					"description": "Convert all CRM table headers to upper case for DW snowflake compatiablity"
				}
			],
			"scriptLines": [
				"parameters{",
				"     pQueryItem as string,",
				"     pGlobalEnv as string,",
				"     pGlobalDWLogPath as string,",
				"     pTableName as string,",
				"     pDate as string",
				"}",
				"source(allowSchemaDrift: true,",
				"     validateSchema: false,",
				"     enableNativeCdc: true,",
				"     netChanges: true,",
				"     skipInitialLoad: true,",
				"     isolationLevel: 'READ_UNCOMMITTED',",
				"     format: 'table',",
				"     mode: 'read') ~> srcPolarisCRM",
				"srcPolarisCRM derive(each(match(1==1), $$ = toString($$))) ~> ConverToStringType",
				"ConverToStringType select(mapColumn(",
				"          each(match(1==1),",
				"               upper($$) = $$)",
				"     ),",
				"     skipDuplicateMapInputs: true,",
				"     skipDuplicateMapOutputs: true) ~> CovertToUpperCase",
				"CovertToUpperCase sink(allowSchemaDrift: true,",
				"     validateSchema: false,",
				"     deletable:false,",
				"     insertable:true,",
				"     updateable:false,",
				"     upsertable:false,",
				"     truncate:true,",
				"     format: 'table',",
				"     skipDuplicateMapInputs: true,",
				"     skipDuplicateMapOutputs: true,",
				"     stageInsert: true,",
				"     outputAssertFailedRows: true,",
				"     assertFailure_fileSystem: 'snowflakelogging',",
				"     assertFailure_folderPath: (concat('snowflakelogging/',$pGlobalEnv,'_',$pGlobalDWLogPath,'_RAWDELTA',$pDate,'/',$pTableName,'/')\r",
				"\r",
				"\r",
				")) ~> dsnPolarisDW"
			]
		}
	}
}