{
	"name": "checkscriptparameter_new",
	"properties": {
		"activities": [
			{
				"name": "Script1",
				"type": "Script",
				"dependsOn": [
					{
						"activity": "Set variable1",
						"dependencyConditions": [
							"Succeeded"
						]
					}
				],
				"policy": {
					"timeout": "0.12:00:00",
					"retry": 0,
					"retryIntervalInSeconds": 30,
					"secureOutput": false,
					"secureInput": false
				},
				"userProperties": [],
				"linkedServiceName": {
					"referenceName": "ls_snowflake",
					"type": "LinkedServiceReference"
				},
				"typeProperties": {
					"scripts": [
						{
							"type": "NonQuery",
							"text": {
								"value": "@concat('CALL ',pipeline().globalParameters.vGlobalEnv,'_',pipeline().globalParameters.vGlobalMetaEngine,'.udp_Script_NoParam(','''',variables('Para_PipelineRunId'),'''',');')\n",
								"type": "Expression"
							}
						}
					],
					"scriptBlockExecutionTimeout": "02:00:00"
				}
			},
			{
				"name": "Set variable1",
				"type": "SetVariable",
				"dependsOn": [],
				"policy": {
					"secureOutput": false,
					"secureInput": false
				},
				"userProperties": [],
				"typeProperties": {
					"variableName": "Para_PipelineRunId",
					"value": {
						"value": "@pipeline().RunId",
						"type": "Expression"
					}
				}
			}
		],
		"variables": {
			"Para_PipelineRunId": {
				"type": "String"
			}
		},
		"folder": {
			"name": "DevSpace"
		},
		"annotations": []
	}
}