{
	"name": "child",
	"properties": {
		"activities": [
			{
				"name": "start schema",
				"type": "SetVariable",
				"dependsOn": [],
				"policy": {
					"secureOutput": false,
					"secureInput": false
				},
				"userProperties": [],
				"typeProperties": {
					"variableName": "schema",
					"value": "{\"type\": \"TabularTranslator\",\"mappings:"
				}
			},
			{
				"name": "ForEach1",
				"type": "ForEach",
				"dependsOn": [
					{
						"activity": "start schema",
						"dependencyConditions": [
							"Succeeded"
						]
					}
				],
				"userProperties": [],
				"typeProperties": {
					"items": {
						"value": "@pipeline().parameters.sqlstructure",
						"type": "Expression"
					},
					"isSequential": true,
					"activities": [
						{
							"name": "Append variable1",
							"type": "AppendVariable",
							"dependsOn": [],
							"userProperties": [],
							"typeProperties": {
								"variableName": "mapping",
								"value": {
									"value": "@json(concat('{\"source\": {\"name\":\"',item().name,'\",\"type\": \"String\"},\"sink\": {\"name\": \"',item().name,'\",\"type\": \"',item().logicalType,'\"}}'))",
									"type": "Expression"
								}
							}
						}
					]
				}
			},
			{
				"name": "Build final schema",
				"type": "SetVariable",
				"dependsOn": [
					{
						"activity": "ForEach1",
						"dependencyConditions": [
							"Succeeded"
						]
					}
				],
				"policy": {
					"secureOutput": false,
					"secureInput": false
				},
				"userProperties": [],
				"typeProperties": {
					"variableName": "final_schema",
					"value": {
						"value": "@concat(variables('schema'),string(variables('mapping')),',\"typeConversion\": true,\"typeConversionSettings\":{\"allowDataTruncation\": false,\"treatBooleanAsNumber\": false}}')",
						"type": "Expression"
					}
				}
			},
			{
				"name": "Return final schema to parent",
				"type": "SetVariable",
				"dependsOn": [
					{
						"activity": "Build final schema",
						"dependencyConditions": [
							"Succeeded"
						]
					}
				],
				"policy": {
					"secureOutput": false,
					"secureInput": false
				},
				"userProperties": [],
				"typeProperties": {
					"variableName": "pipelineReturnValue",
					"value": [
						{
							"key": "Mapping_Schema",
							"value": {
								"type": "Expression",
								"content": "@variables('final_schema')"
							}
						}
					],
					"setSystemVariable": true
				}
			}
		],
		"parameters": {
			"sqlstructure": {
				"type": "array"
			}
		},
		"variables": {
			"schema": {
				"type": "String"
			},
			"final_schema": {
				"type": "String"
			},
			"mapping": {
				"type": "Array"
			}
		},
		"folder": {
			"name": "DevSpace"
		},
		"annotations": []
	}
}