{
	"name": "Curated_copy1",
	"properties": {
		"activities": [
			{
				"name": "Set variable1",
				"type": "SetVariable",
				"dependsOn": [],
				"policy": {
					"secureOutput": false,
					"secureInput": false
				},
				"userProperties": [],
				"typeProperties": {
					"variableName": "vOriginalDataSet_NoArray",
					"value": {
						"value": "@replace('CALENDAR_SERVICE_APPOINTMENT_CURATED',pipeline().globalParameters.vGlobalCuratedDS,'')",
						"type": "Expression"
					}
				}
			},
			{
				"name": "Set variable2",
				"type": "SetVariable",
				"dependsOn": [
					{
						"activity": "Set variable1",
						"dependencyConditions": [
							"Succeeded"
						]
					}
				],
				"policy": {
					"secureOutput": false,
					"secureInput": false
				},
				"userProperties": [],
				"typeProperties": {
					"variableName": "vOriginalDataSet_NoArray",
					"value": {
						"value": "@concat(variables('vOriginalDataSet')[0],'.')",
						"type": "Expression"
					}
				}
			}
		],
		"variables": {
			"vOriginalDataSet": {
				"type": "Array"
			},
			"vOriginalDataSet_NoArray": {
				"type": "String"
			}
		},
		"folder": {
			"name": "DevSpace"
		},
		"annotations": []
	}
}