{
	"name": "Dfcopy",
	"properties": {
		"activities": [
			{
				"name": "Data flow1",
				"type": "ExecuteDataFlow",
				"dependsOn": [],
				"policy": {
					"timeout": "0.12:00:00",
					"retry": 0,
					"retryIntervalInSeconds": 30,
					"secureOutput": false,
					"secureInput": false
				},
				"userProperties": [],
				"typeProperties": {
					"dataflow": {
						"referenceName": "DF_CH_DML_COPY_DWCuration_STEP7",
						"type": "DataFlowReference",
						"datasetParameters": {
							"srcPolarisCRM": {
								"DWSchema": "NULL",
								"DWTable": "NULL"
							},
							"dsnPolarisDW": {
								"DWSchema": "NULL",
								"DWTable": "NULL"
							}
						}
					},
					"integrationRuntime": {
						"referenceName": "irPolarisDW",
						"type": "IntegrationRuntimeReference"
					},
					"traceLevel": "Fine"
				}
			}
		],
		"variables": {
			"vQueryString": {
				"type": "String",
				"defaultValue": "SELECT * FROM calendar_service.appointment"
			}
		},
		"folder": {
			"name": "DevSpace"
		},
		"annotations": []
	}
}