{
	"name": "EnrichedStruBugFix",
	"properties": {
		"activities": [
			{
				"name": "Script1",
				"type": "Script",
				"dependsOn": [],
				"policy": {
					"timeout": "0.12:00:00",
					"retry": 0,
					"retryIntervalInSeconds": 30,
					"secureOutput": false,
					"secureInput": false
				},
				"userProperties": [],
				"linkedServiceName": {
					"referenceName": "ls_snowflake",
					"type": "LinkedServiceReference"
				},
				"typeProperties": {
					"scripts": [
						{
							"type": "Query",
							"text": {
								"value": "@concat('CALL ',pipeline().globalParameters.vGlobalEnv,'_',pipeline().globalParameters.vGlobalRaw,'.udp_PolarisDW_Enriched_TableCreation(',\n'''',\npipeline().RunId,\n''',',\n'''',\npipeline().Pipeline,\n''',',\n'''',\npipeline().globalParameters.vGlobalEnv,\n''',',\n'''',\npipeline().globalParameters.vGlobalEnriched,\n''',',\n'''',\npipeline().globalParameters.vGlobalMetaEngine,\n''',',\n'''',\nreplace(variables('vCurrentItem'),pipeline().globalParameters.vGlobalCuratedDS,pipeline().globalParameters.vGlobalEnrichedDS),\n'''',\n');')\n",
								"type": "Expression"
							}
						}
					],
					"scriptBlockExecutionTimeout": "02:00:00"
				}
			}
		],
		"variables": {
			"vCurrentItem": {
				"type": "String",
				"defaultValue": "RECRUITMENT_SERVICE_PARTICIPANT_POOL_CURATED"
			}
		},
		"folder": {
			"name": "DevSpace"
		},
		"annotations": []
	}
}