{
	"name": "LookupDWOtherConfigSrcTbl",
	"properties": {
		"activities": [
			{
				"name": "AC_LA_LookupDWSharepoint",
				"description": "Polaris CRM data sets required for DW kept in a excel sheet in SharePoint.",
				"type": "Lookup",
				"dependsOn": [],
				"policy": {
					"timeout": "0.12:00:00",
					"retry": 0,
					"retryIntervalInSeconds": 30,
					"secureOutput": false,
					"secureInput": false
				},
				"userProperties": [],
				"typeProperties": {
					"source": {
						"type": "SnowflakeSource",
						"exportSettings": {
							"type": "SnowflakeExportCopyCommand"
						}
					},
					"dataset": {
						"referenceName": "DS_PolarisSnowflakeDW_Orig",
						"type": "DatasetReference",
						"parameters": {
							"DWSchema": {
								"value": "@concat(pipeline().globalParameters.vGlobalEnv,'_',pipeline().globalParameters.vGlobalMetaEngine)",
								"type": "Expression"
							},
							"DWTable": {
								"value": "DWOTHERCONFIGSRCTBL",
								"type": "Expression"
							}
						}
					}
				}
			}
		],
		"folder": {
			"name": "DevSpace"
		},
		"annotations": []
	}
}