{
	"name": "Parent",
	"properties": {
		"activities": [
			{
				"name": "Lookup1",
				"type": "Lookup",
				"dependsOn": [],
				"policy": {
					"timeout": "0.12:00:00",
					"retry": 0,
					"retryIntervalInSeconds": 30,
					"secureOutput": false,
					"secureInput": false
				},
				"userProperties": [],
				"typeProperties": {
					"source": {
						"type": "AzureSqlSource",
						"sqlReaderQuery": "select name from sys.tables;",
						"queryTimeout": "02:00:00",
						"partitionOption": "None"
					},
					"dataset": {
						"referenceName": "DS_PolarisAzureSQLDB",
						"type": "DatasetReference"
					},
					"firstRowOnly": false
				}
			},
			{
				"name": "ForEach1",
				"type": "ForEach",
				"dependsOn": [
					{
						"activity": "Lookup1",
						"dependencyConditions": [
							"Succeeded"
						]
					}
				],
				"userProperties": [],
				"typeProperties": {
					"items": {
						"value": "@activity('Lookup1').output.value",
						"type": "Expression"
					},
					"activities": [
						{
							"name": "Get Metadata1",
							"type": "GetMetadata",
							"dependsOn": [],
							"policy": {
								"timeout": "0.12:00:00",
								"retry": 0,
								"retryIntervalInSeconds": 30,
								"secureOutput": false,
								"secureInput": false
							},
							"userProperties": [],
							"typeProperties": {
								"dataset": {
									"referenceName": "DS_PolarisAzureSQLDB",
									"type": "DatasetReference"
								},
								"fieldList": [
									"columnCount",
									"structure"
								]
							}
						},
						{
							"name": "Execute Pipeline1",
							"type": "ExecutePipeline",
							"dependsOn": [
								{
									"activity": "Get Metadata1",
									"dependencyConditions": [
										"Succeeded"
									]
								}
							],
							"policy": {
								"secureInput": false
							},
							"userProperties": [],
							"typeProperties": {
								"pipeline": {
									"referenceName": "child",
									"type": "PipelineReference"
								},
								"waitOnCompletion": true,
								"parameters": {
									"sqlstructure": {
										"value": "@activity('Get Metadata1').output.structure",
										"type": "Expression"
									}
								}
							}
						}
					]
				}
			}
		],
		"folder": {
			"name": "DevSpace"
		},
		"annotations": []
	}
}