{
	"name": "pipeline2",
	"properties": {
		"activities": [
			{
				"name": "AC_LA_LookupSharepointConfigFile",
				"type": "Lookup",
				"dependsOn": [],
				"policy": {
					"timeout": "0.12:00:00",
					"retry": 0,
					"retryIntervalInSeconds": 30,
					"secureOutput": false,
					"secureInput": false
				},
				"userProperties": [],
				"typeProperties": {
					"source": {
						"type": "ExcelSource",
						"storeSettings": {
							"type": "AzureBlobStorageReadSettings",
							"recursive": true,
							"enablePartitionDiscovery": false
						}
					},
					"dataset": {
						"referenceName": "DS_PolarisBlobConfigExcelDW",
						"type": "DatasetReference"
					},
					"firstRowOnly": false
				}
			},
			{
				"name": "Set variable1",
				"type": "SetVariable",
				"dependsOn": [
					{
						"activity": "AC_LA_LookupSharepointConfigFile",
						"dependencyConditions": [
							"Succeeded"
						]
					}
				],
				"policy": {
					"secureOutput": false,
					"secureInput": false
				},
				"userProperties": [],
				"typeProperties": {
					"variableName": "vTryCaptureOutput",
					"value": {
						"value": "@string(activity('AC_LA_LookupSharepointConfigFile'))",
						"type": "Expression"
					}
				}
			}
		],
		"variables": {
			"vTryCaptureOutput": {
				"type": "String"
			}
		},
		"folder": {
			"name": "DevSpace"
		},
		"annotations": []
	}
}