{
	"name": "pipeline4",
	"properties": {
		"activities": [
			{
				"name": "Set variable1",
				"type": "SetVariable",
				"dependsOn": [],
				"policy": {
					"secureOutput": false,
					"secureInput": false
				},
				"userProperties": [],
				"typeProperties": {
					"variableName": "vTableArray",
					"value": {
						"value": "@split(variables('vTable'),'.')",
						"type": "Expression"
					}
				}
			},
			{
				"name": "Set variable2",
				"type": "SetVariable",
				"dependsOn": [
					{
						"activity": "Set variable1",
						"dependencyConditions": [
							"Succeeded"
						]
					}
				],
				"policy": {
					"secureOutput": false,
					"secureInput": false
				},
				"userProperties": [],
				"typeProperties": {
					"variableName": "vOrigDataSet",
					"value": {
						"value": "@concat(variables('vTableArray')[0],'.',variables('vTableArray')[1])",
						"type": "Expression"
					}
				}
			}
		],
		"variables": {
			"vTable": {
				"type": "String",
				"defaultValue": "recruitment_service.placement.full_service_declined"
			},
			"vTableArray": {
				"type": "Array"
			},
			"vOrigDataSet": {
				"type": "String"
			}
		},
		"folder": {
			"name": "DevSpace"
		},
		"annotations": []
	}
}