{
	"name": "pipeline3",
	"properties": {
		"activities": [
			{
				"name": "Script1",
				"type": "Script",
				"dependsOn": [],
				"policy": {
					"timeout": "0.12:00:00",
					"retry": 0,
					"retryIntervalInSeconds": 30,
					"secureOutput": false,
					"secureInput": false
				},
				"userProperties": [],
				"linkedServiceName": {
					"referenceName": "snowflake_rinpnonprod_uat",
					"type": "LinkedServiceReference"
				},
				"typeProperties": {
					"scripts": [
						{
							"parameters": [
								{
									"name": "ParaDWSchema",
									"type": "String",
									"value": {
										"value": "@concat(pipeline().globalParameters.vGlobalEnv,'_',pipeline().globalParameters.vGlobalMetaEngine)\n",
										"type": "Expression"
									},
									"direction": "Input"
								},
								{
									"name": "ParaDWEnv",
									"type": "String",
									"value": {
										"value": "@pipeline().globalParameters.vGlobalEnv",
										"type": "Expression"
									},
									"direction": "Input"
								},
								{
									"name": "ParaPipelineRunID",
									"type": "String",
									"value": {
										"value": "@pipeline().RunId",
										"type": "Expression"
									},
									"direction": "Input"
								}
							],
							"type": "NonQuery",
							"text": {
								"value": "@concat('CALL ',pipeline().globalParameters.vGlobalEnv,'_',pipeline().globalParameters.vGlobalMetaEngine,'.udp_PolarisDW_GrantADFAccess(?,?,?);')\n\n",
								"type": "Expression"
							}
						}
					],
					"scriptBlockExecutionTimeout": "02:00:00"
				}
			}
		],
		"folder": {
			"name": "DevSpace"
		},
		"annotations": []
	}
}