{
	"name": "PL_CH_DML_INSERT_PolarisError_Orig",
	"properties": {
		"description": "Capture error Trace ",
		"activities": [
			{
				"name": "AC_SP_udp_PolarisDW_ErrorLog",
				"description": "Capture the Error",
				"type": "Script",
				"dependsOn": [],
				"policy": {
					"timeout": "0.12:00:00",
					"retry": 0,
					"retryIntervalInSeconds": 30,
					"secureOutput": false,
					"secureInput": false
				},
				"userProperties": [],
				"linkedServiceName": {
					"referenceName": "snowflake_rinpnonprod_uat",
					"type": "LinkedServiceReference"
				},
				"typeProperties": {
					"scripts": [
						{
							"parameters": [
								{
									"name": "Para_PipelineRunId ",
									"type": "String",
									"value": {
										"value": "@pipeline().parameters.Para_PipelineRunId",
										"type": "Expression"
									},
									"direction": "Input"
								},
								{
									"name": "Para_JobStage",
									"type": "String",
									"value": {
										"value": "@pipeline().parameters.Para_JobStage",
										"type": "Expression"
									},
									"direction": "Input"
								},
								{
									"name": "Para_ErrorSeverity",
									"type": "String",
									"value": {
										"value": "@pipeline().parameters.Para_ErrorSeverity",
										"type": "Expression"
									},
									"direction": "Input"
								},
								{
									"name": "Para_ErrorProgramUnitName",
									"type": "String",
									"value": {
										"value": "@pipeline().parameters.Para_ErrorProgramUnitName",
										"type": "Expression"
									},
									"direction": "Input"
								},
								{
									"name": "Para_ErrorMessage",
									"type": "String",
									"value": {
										"value": "@pipeline().parameters.Para_ErrorMessage",
										"type": "Expression"
									},
									"direction": "Input"
								},
								{
									"name": "ParaTargetEnv",
									"type": "String",
									"value": {
										"value": "@pipeline().globalParameters.vGlobalEnv\n",
										"type": "Expression"
									},
									"direction": "Input"
								},
								{
									"name": "ParaMetaSchema",
									"type": "String",
									"value": {
										"value": "@pipeline().globalParameters.vGlobalMetaEngine",
										"type": "Expression"
									},
									"direction": "Input"
								}
							],
							"type": "Query",
							"text": {
								"value": "@concat('CALL ',pipeline().globalParameters.vGlobalEnv,'_',pipeline().globalParameters.vGlobalMetaEngine,'.udp_PolarisDW_ErrorLog(?,?,?,?,?,?,?);')\n\n\n",
								"type": "Expression"
							}
						}
					],
					"scriptBlockExecutionTimeout": "02:00:00"
				}
			}
		],
		"parameters": {
			"Para_PipelineRunId": {
				"type": "string"
			},
			"Para_JobStage": {
				"type": "string"
			},
			"Para_ErrorSeverity": {
				"type": "string"
			},
			"Para_ErrorProgramUnitName": {
				"type": "string"
			},
			"Para_ErrorMessage": {
				"type": "string"
			}
		},
		"folder": {
			"name": "OriginalVer"
		},
		"annotations": []
	}
}