{
	"name": "PL_CRMDataIngestionToDW_Init",
	"properties": {
		"description": "Move Data from CRM to DW",
		"activities": [
			{
				"name": "AC_PL_PolarisDWCurationData_STEP8",
				"description": "Copy CRM Data (RAW) To Curation (Structural Compatibility and One transformation)",
				"type": "ExecutePipeline",
				"dependsOn": [],
				"policy": {
					"secureInput": false
				},
				"userProperties": [],
				"typeProperties": {
					"pipeline": {
						"referenceName": "PL_MR_DML_INSERT_DWCurationLayer_STEP8",
						"type": "PipelineReference"
					},
					"waitOnCompletion": true
				}
			},
			{
				"name": "AC_PL_PolarisDWEnrichedData_STEP 10",
				"description": "Copy CRM Data (CURATION) To Enriched layer to reflect the changes and new records with active status. (SCD 2 implementation)",
				"type": "ExecutePipeline",
				"dependsOn": [
					{
						"activity": "AC_PL_PolarisDWCurationData_STEP8",
						"dependencyConditions": [
							"Succeeded"
						]
					}
				],
				"policy": {
					"secureInput": false
				},
				"userProperties": [],
				"typeProperties": {
					"pipeline": {
						"referenceName": "PL_MR_DML_INSERT_DWEnriched_STEP10",
						"type": "PipelineReference"
					},
					"waitOnCompletion": true
				}
			}
		],
		"folder": {
			"name": "PL_PolarisDW/DWMaidenRun"
		},
		"annotations": []
	}
}