{
	"name": "PL_CH_DML_INSERT_DWEnriched_STEP9_Orig",
	"properties": {
		"description": "Using byNames to fully parameterize a Slowly Change Dimension Type 2 patter",
		"activities": [
			{
				"name": "AC_LA_LookupPolarisCuratedDataSet",
				"description": "Read Data sets from POLARISDW_CURATION_SCHEMA to complete SCD",
				"type": "Lookup",
				"dependsOn": [
					{
						"activity": "AC_SV_FormTableName",
						"dependencyConditions": [
							"Succeeded"
						]
					}
				],
				"policy": {
					"timeout": "0.12:00:00",
					"retry": 0,
					"retryIntervalInSeconds": 30,
					"secureOutput": false,
					"secureInput": false
				},
				"userProperties": [],
				"typeProperties": {
					"source": {
						"type": "SnowflakeSource",
						"query": {
							"value": "@concat(' SELECT TABLE_SCHEMA, TABLE_NAME FROM information_schema.TABLES WHERE TABLE_TYPE = ''BASE TABLE'' AND TABLE_OWNER = ''POLARISUAT_SQL_TEAM'' AND TABLE_NAME =  ','''',variables('vFullTableName'),'''',' AND TABLE_SCHEMA =  ','''',pipeline().globalParameters.vGlobalEnv,'_',pipeline().globalParameters.vGlobalCurated,'''',' ORDER BY TABLE_SCHEMA,TABLE_NAME ')",
							"type": "Expression"
						},
						"exportSettings": {
							"type": "SnowflakeExportCopyCommand"
						}
					},
					"dataset": {
						"referenceName": "DS_PolarisSnowflakeDW_Orig",
						"type": "DatasetReference",
						"parameters": {
							"DWSchema": "NULL",
							"DWTable": "NULL"
						}
					},
					"firstRowOnly": false
				}
			},
			{
				"name": "AC_SV_FormTableName",
				"description": "Assemble the fully qualified table name structure.",
				"type": "SetVariable",
				"dependsOn": [],
				"policy": {
					"secureOutput": false,
					"secureInput": false
				},
				"userProperties": [],
				"typeProperties": {
					"variableName": "vFullTableName",
					"value": {
						"value": "@toUpper(concat(pipeline().parameters.SchemaName,'_',pipeline().parameters.TableName,'_',pipeline().globalParameters.vGlobalCuratedDS))",
						"type": "Expression"
					}
				}
			},
			{
				"name": "AC_FEA_PullActivePolarisDataSet",
				"description": "Pull all qualified Polaris Data set for DW Build",
				"type": "ForEach",
				"dependsOn": [
					{
						"activity": "AC_LA_LookupPolarisCuratedDataSet",
						"dependencyConditions": [
							"Succeeded"
						]
					}
				],
				"userProperties": [],
				"typeProperties": {
					"items": {
						"value": "@activity('AC_LA_LookupPolarisCuratedDataSet').output.value",
						"type": "Expression"
					},
					"activities": [
						{
							"name": "AC_IF_CurationDataSetExist",
							"type": "IfCondition",
							"dependsOn": [],
							"userProperties": [],
							"typeProperties": {
								"expression": {
									"value": "@greater(activity('AC_LA_LookupPolarisCuratedDataSet').output.count,0)",
									"type": "Expression"
								},
								"ifFalseActivities": [
									{
										"name": "AC_SV_SetDuration_False",
										"type": "SetVariable",
										"dependsOn": [],
										"policy": {
											"secureOutput": false,
											"secureInput": false
										},
										"userProperties": [],
										"typeProperties": {
											"variableName": "vDFDuration",
											"value": {
												"value": "@activity('AC_LA_LookupPolarisCuratedDataSet').Duration\n",
												"type": "Expression"
											}
										}
									},
									{
										"name": "AC_PL_PolarisAuditInsert_No_CurationObject",
										"description": "Capture the audit events Curation Source does not exist",
										"type": "ExecutePipeline",
										"dependsOn": [
											{
												"activity": "AC_SV_SetDuration_False",
												"dependencyConditions": [
													"Succeeded"
												]
											}
										],
										"policy": {
											"secureInput": false
										},
										"userProperties": [],
										"typeProperties": {
											"pipeline": {
												"referenceName": "PL_CH_DML_INSERT_PolarisAudit",
												"type": "PipelineReference"
											},
											"waitOnCompletion": true,
											"parameters": {
												"Para_PipelineRunId": {
													"value": "@pipeline().RunId",
													"type": "Expression"
												},
												"Para_DatasetId": {
													"value": "1",
													"type": "Expression"
												},
												"Para_ProgramUnitName": {
													"value": "@pipeline().Pipeline",
													"type": "Expression"
												},
												"Para_JobStatus": {
													"value": "Completed DW STEP9 - AC_LA_LookupPolarisCuratedDataSet - AC_IF_CurationDataSetExist - Fase Activity",
													"type": "Expression"
												},
												"Para_ProcessedRecordCount": {
													"value": "0",
													"type": "Expression"
												},
												"Para_RejectedRecordCount": {
													"value": "0",
													"type": "Expression"
												},
												"Para_Comments": {
													"value": "@concat(activity('AC_LA_LookupPolarisCuratedDataSet').output.TABLE_NAME,'- Does not exist',' DW STEP9 completed without any enrichment')\n\n",
													"type": "Expression"
												},
												"Para_SizeOfDataRead": {
													"value": "0",
													"type": "Expression"
												},
												"Para_SizeOfDataWritten": {
													"value": "0",
													"type": "Expression"
												},
												"Para_Duration": {
													"value": "@variables('vDFDuration')",
													"type": "Expression"
												},
												"Para_JobStage": {
													"value": "DW STEP9 AC_DF_PolarisDWEnriched_SCD2 activity ",
													"type": "Expression"
												}
											}
										}
									}
								],
								"ifTrueActivities": [
									{
										"name": "AC_PL_PolarisErrorTrace",
										"type": "ExecutePipeline",
										"dependsOn": [
											{
												"activity": "AC_DF_PolarisDWEnriched_SCD2",
												"dependencyConditions": [
													"Failed"
												]
											}
										],
										"policy": {
											"secureInput": false
										},
										"userProperties": [],
										"typeProperties": {
											"pipeline": {
												"referenceName": "PL_CH_DML_INSERT_PolarisError",
												"type": "PipelineReference"
											},
											"waitOnCompletion": true,
											"parameters": {
												"Para_PipelineRunId": {
													"value": "@pipeline().RunId",
													"type": "Expression"
												},
												"Para_JobStage": {
													"value": "DW STEP9 POLARIS DW UPDATE CHANGE HISTORY",
													"type": "Expression"
												},
												"Para_ErrorSeverity": {
													"value": "@concat(replace(item().TABLE_NAME,pipeline().globalParameters.vGlobalCuratedDS,pipeline().globalParameters.vGlobalEnrichedDS),' Does not Exist - DWSTAGE9 AC_DF_PolarisDWEnriched_SCD2 Fatal Error')",
													"type": "Expression"
												},
												"Para_ErrorProgramUnitName": {
													"value": "@pipeline().Pipeline",
													"type": "Expression"
												},
												"Para_ErrorMessage": {
													"value": "@activity('AC_DF_PolarisDWEnriched_SCD2').Error.message\n\n",
													"type": "Expression"
												}
											}
										}
									},
									{
										"name": "AC_DF_PolarisDWEnriched_SCD2",
										"description": "Maintain One history record and One active record",
										"type": "ExecuteDataFlow",
										"dependsOn": [],
										"policy": {
											"timeout": "7.00:00:00",
											"retry": 0,
											"retryIntervalInSeconds": 30,
											"secureOutput": false,
											"secureInput": false
										},
										"userProperties": [],
										"typeProperties": {
											"dataflow": {
												"referenceName": "DF_CH_DML_INSERT_DWEnriched_STEP11",
												"type": "DataFlowReference",
												"parameters": {
													"PrimaryKey": {
														"value": "'@{pipeline().parameters.PrimaryKey}'",
														"type": "Expression"
													},
													"Columns": {
														"value": "'@{pipeline().parameters.ColumnNames}'",
														"type": "Expression"
													}
												},
												"datasetParameters": {
													"CuratedInput": {
														"Curated_Schema": {
															"value": "@item().TABLE_SCHEMA",
															"type": "Expression"
														},
														"Curated_Table": {
															"value": "@item().TABLE_NAME",
															"type": "Expression"
														}
													},
													"ExistingDimensionTable": {
														"Enriched_Schema": {
															"value": "@replace(item().TABLE_SCHEMA,pipeline().globalParameters.vGlobalCurated,pipeline().globalParameters.vGlobalEnriched)\n\n",
															"type": "Expression"
														},
														"Enriched_Table": {
															"value": "@replace(item().TABLE_NAME,pipeline().globalParameters.vGlobalCuratedDS,pipeline().globalParameters.vGlobalEnrichedDS)",
															"type": "Expression"
														}
													},
													"DimensionTableSink": {
														"Enriched_Schema": {
															"value": "@replace(item().TABLE_SCHEMA,pipeline().globalParameters.vGlobalCurated,pipeline().globalParameters.vGlobalEnriched)",
															"type": "Expression"
														},
														"Enriched_Table": {
															"value": "@replace(item().TABLE_NAME,pipeline().globalParameters.vGlobalCuratedDS,pipeline().globalParameters.vGlobalEnrichedDS)",
															"type": "Expression"
														}
													}
												}
											},
											"compute": {
												"coreCount": 32,
												"computeType": "MemoryOptimized"
											},
											"traceLevel": "Coarse"
										}
									},
									{
										"name": "AC_PL_PolarisAuditInsert",
										"description": "Capture the audit events",
										"type": "ExecutePipeline",
										"dependsOn": [
											{
												"activity": "AC_DF_PolarisDWEnriched_SCD2",
												"dependencyConditions": [
													"Succeeded"
												]
											}
										],
										"policy": {
											"secureInput": false
										},
										"userProperties": [],
										"typeProperties": {
											"pipeline": {
												"referenceName": "PL_CH_DML_INSERT_PolarisAudit",
												"type": "PipelineReference"
											},
											"waitOnCompletion": true,
											"parameters": {
												"Para_PipelineRunId": {
													"value": "@pipeline().RunId",
													"type": "Expression"
												},
												"Para_DatasetId": {
													"value": "1",
													"type": "Expression"
												},
												"Para_ProgramUnitName": {
													"value": "@pipeline().Pipeline",
													"type": "Expression"
												},
												"Para_JobStatus": {
													"value": "Completed - AC_FEA_PullPolarisDataStructure",
													"type": "Expression"
												},
												"Para_ProcessedRecordCount": {
													"value": "@activity('AC_DF_PolarisDWEnriched_SCD2').output.total\n\n",
													"type": "Expression"
												},
												"Para_RejectedRecordCount": {
													"value": "0",
													"type": "Expression"
												},
												"Para_Comments": {
													"value": "DW STEP8 AC_FEA_PullActivePolarisDataSet Completed Sucessfully",
													"type": "Expression"
												},
												"Para_SizeOfDataRead": {
													"value": "0",
													"type": "Expression"
												},
												"Para_SizeOfDataWritten": {
													"value": "0",
													"type": "Expression"
												},
												"Para_Duration": {
													"value": "@activity('AC_DF_PolarisDWEnriched_SCD2').Duration",
													"type": "Expression"
												},
												"Para_JobStage": {
													"value": "DW STEP8 AC_DF_PolarisDWEnriched_SCD2 ",
													"type": "Expression"
												}
											}
										}
									}
								]
							}
						}
					]
				}
			}
		],
		"parameters": {
			"PrimaryKey": {
				"type": "string",
				"defaultValue": "ID"
			},
			"ColumnNames": {
				"type": "string",
				"defaultValue": "FIRST_NAME,LAST_NAME,EMAIL_ADDRESS,PHONE_NUMBER"
			},
			"TableName": {
				"type": "string",
				"defaultValue": "users"
			},
			"SchemaName": {
				"type": "string",
				"defaultValue": "user_service"
			}
		},
		"variables": {
			"vErrMsg": {
				"type": "String"
			},
			"vDFDuration": {
				"type": "String"
			},
			"vFullTableName": {
				"type": "String"
			}
		},
		"folder": {
			"name": "OriginalVer"
		},
		"annotations": []
	}
}