{
	"name": "PL_CRMDataIngestionToDW_RERUNFromBLOB",
	"properties": {
		"description": "After required adjustments made in Config file, trigger this pipeline on demand to re-run the changes.",
		"activities": [
			{
				"name": "PL_MR_META_POLARISDS_SHAREPOINT_ReRun_STEP2b",
				"description": "Modify the DATASETPROCESSMASTERTBL with configuration changes feed. - STEP2b",
				"type": "ExecutePipeline",
				"dependsOn": [
					{
						"activity": "PL_MR_META_POLARISDS_SHAREPOINT_DW_STEP2a",
						"dependencyConditions": [
							"Succeeded"
						]
					}
				],
				"policy": {
					"secureInput": false
				},
				"userProperties": [],
				"typeProperties": {
					"pipeline": {
						"referenceName": "PL_MR_META_POLARISDS_SHAREPOINT_ReRun_STEP2b",
						"type": "PipelineReference"
					},
					"waitOnCompletion": true
				}
			},
			{
				"name": "PL_MR_DML_INSERT_DWRawLayer_RequiredFullReRun_STEP6",
				"description": "Rerun RAW - Copy CRM data to RAW (Amended or New)",
				"type": "ExecutePipeline",
				"dependsOn": [
					{
						"activity": "AC_PL_PolarisDWRaw_STEP3",
						"dependencyConditions": [
							"Succeeded"
						]
					}
				],
				"policy": {
					"secureInput": false
				},
				"userProperties": [],
				"typeProperties": {
					"pipeline": {
						"referenceName": "PL_MR_DML_INSERT_DWRawLayer_RequiredFullReRun_STEP6",
						"type": "PipelineReference"
					},
					"waitOnCompletion": true
				}
			},
			{
				"name": "PL_MR_DML_INSERT_ReRunDWCurationLayer_STEP8",
				"description": "Rerun CURATION",
				"type": "ExecutePipeline",
				"dependsOn": [
					{
						"activity": "PL_MR_DML_INSERT_DWRawLayer_RequiredFullReRun_STEP6",
						"dependencyConditions": [
							"Succeeded"
						]
					}
				],
				"policy": {
					"secureInput": false
				},
				"userProperties": [],
				"typeProperties": {
					"pipeline": {
						"referenceName": "PL_MR_DML_INSERT_ReRunDWCurationLayerAfterRawReRun_STEP8",
						"type": "PipelineReference"
					},
					"waitOnCompletion": true
				}
			},
			{
				"name": "AC_PL_PolarisAuditInsert_Step10",
				"description": "Copy CRM Data (CURATION) To Enriched layer to reflect the changes and new records with active status. (SCD 2 implementation)",
				"type": "ExecutePipeline",
				"dependsOn": [
					{
						"activity": "PL_MR_DML_INSERT_ReRunDWCurationLayer_STEP8",
						"dependencyConditions": [
							"Succeeded"
						]
					}
				],
				"policy": {
					"secureInput": false
				},
				"userProperties": [],
				"typeProperties": {
					"pipeline": {
						"referenceName": "PL_MR_DML_INSERT_DWEnriched_STEP10",
						"type": "PipelineReference"
					},
					"waitOnCompletion": true
				}
			},
			{
				"name": "AC_PL_PolarisDWRaw_STEP3",
				"description": "Create CRM structures in DW RAW ",
				"type": "ExecutePipeline",
				"dependsOn": [
					{
						"activity": "PL_MR_META_POLARISDS_SHAREPOINT_ReRun_STEP2b",
						"dependencyConditions": [
							"Succeeded"
						]
					}
				],
				"policy": {
					"secureInput": false
				},
				"userProperties": [],
				"typeProperties": {
					"pipeline": {
						"referenceName": "PL_MR_DDL_DWRawLayerCRMStructure_STEP3",
						"type": "PipelineReference"
					},
					"waitOnCompletion": true
				}
			},
			{
				"name": "PL_MR_META_POLARISDS_SHAREPOINT_DW_STEP2a",
				"description": "Delete re-run entries DATASETPROCESSMASTERTBL - Prerequisites",
				"type": "ExecutePipeline",
				"dependsOn": [],
				"policy": {
					"secureInput": false
				},
				"userProperties": [],
				"typeProperties": {
					"pipeline": {
						"referenceName": "PL_MR_META_POLARISDS_SHAREPOINT_ReRunCleanUp_STEP2a",
						"type": "PipelineReference"
					},
					"waitOnCompletion": true
				}
			}
		],
		"folder": {
			"name": "PL_PolarisDW/DWCustomReRunUnDocumented"
		},
		"annotations": []
	}
}