{
	"name": "PL_CH_DML_INSERT_DWEnrichedReRun_STEP11DF",
	"properties": {
		"description": "Using byNames to fully parameterize a Slowly Change Dimension Type 2 patter",
		"activities": [
			{
				"name": "AC_PL_PolarisErrorTrace",
				"type": "ExecutePipeline",
				"dependsOn": [
					{
						"activity": "AC_DF_PolarisDWEnriched_SCD2",
						"dependencyConditions": [
							"Failed"
						]
					}
				],
				"policy": {
					"secureInput": false
				},
				"userProperties": [],
				"typeProperties": {
					"pipeline": {
						"referenceName": "PL_CH_DML_INSERT_PolarisError",
						"type": "PipelineReference"
					},
					"waitOnCompletion": true,
					"parameters": {
						"Para_PipelineRunId": {
							"value": "@pipeline().RunId",
							"type": "Expression"
						},
						"Para_JobStage": {
							"value": "DW STEP11 Rerun POLARIS DW UPDATE CHANGE HISTORY - (AC_DF_PolarisDWEnriched_SCD2)",
							"type": "Expression"
						},
						"Para_ErrorSeverity": {
							"value": "@concat(pipeline().parameters.SchemaName,'_',pipeline().parameters.TableName,'_',pipeline().globalParameters.vGlobalEnrichedDS,' -  - DWSTAGE11 Rerun AC_DF_PolarisDWEnriched_SCD2 Fatal Error')",
							"type": "Expression"
						},
						"Para_ErrorProgramUnitName": {
							"value": "@pipeline().Pipeline",
							"type": "Expression"
						},
						"Para_ErrorMessage": {
							"value": "@activity('AC_DF_PolarisDWEnriched_SCD2').Error.message\n\n",
							"type": "Expression"
						}
					}
				}
			},
			{
				"name": "AC_DF_PolarisDWEnriched_SCD2",
				"description": "Maintain One history record and One active record",
				"type": "ExecuteDataFlow",
				"dependsOn": [],
				"policy": {
					"timeout": "7.00:00:00",
					"retry": 0,
					"retryIntervalInSeconds": 30,
					"secureOutput": false,
					"secureInput": false
				},
				"userProperties": [],
				"typeProperties": {
					"dataflow": {
						"referenceName": "DF_CH_DML_INSERT_DWEnriched_STEP11",
						"type": "DataFlowReference",
						"parameters": {
							"PrimaryKey": {
								"value": "'@{toUpper(pipeline().parameters.PrimaryKey)}'",
								"type": "Expression"
							},
							"Columns": {
								"value": "'@{toUpper(pipeline().parameters.ColumnNames)}'",
								"type": "Expression"
							}
						},
						"datasetParameters": {
							"CuratedInput": {
								"Curated_Schema": {
									"value": "@concat(pipeline().globalParameters.vGlobalEnv,'_',pipeline().globalParameters.vGlobalCurated)",
									"type": "Expression"
								},
								"Curated_Table": {
									"value": "@toUpper(concat(pipeline().parameters.SchemaName,'_',pipeline().parameters.TableName,'_',pipeline().globalParameters.vGlobalCuratedDS))",
									"type": "Expression"
								}
							},
							"ExistingDimensionTable": {
								"Enriched_Schema": {
									"value": "@concat(pipeline().globalParameters.vGlobalEnv,'_',pipeline().globalParameters.vGlobalEnriched)",
									"type": "Expression"
								},
								"Enriched_Table": {
									"value": "@toUpper(concat(pipeline().parameters.SchemaName,'_',pipeline().parameters.TableName,'_',pipeline().globalParameters.vGlobalEnrichedDS))",
									"type": "Expression"
								}
							},
							"DimensionTableSink": {
								"Enriched_Schema": {
									"value": "@concat(pipeline().globalParameters.vGlobalEnv,'_',pipeline().globalParameters.vGlobalEnriched)",
									"type": "Expression"
								},
								"Enriched_Table": {
									"value": "@toUpper(concat(pipeline().parameters.SchemaName,'_',pipeline().parameters.TableName,'_',pipeline().globalParameters.vGlobalEnrichedDS))",
									"type": "Expression"
								}
							}
						}
					},
					"compute": {
						"coreCount": 32,
						"computeType": "MemoryOptimized"
					},
					"traceLevel": "Coarse"
				}
			},
			{
				"name": "AC_PL_PolarisAuditInsert",
				"description": "Capture the audit events",
				"type": "ExecutePipeline",
				"dependsOn": [
					{
						"activity": "AC_DF_PolarisDWEnriched_SCD2",
						"dependencyConditions": [
							"Succeeded"
						]
					}
				],
				"policy": {
					"secureInput": false
				},
				"userProperties": [],
				"typeProperties": {
					"pipeline": {
						"referenceName": "PL_CH_DML_INSERT_PolarisAudit",
						"type": "PipelineReference"
					},
					"waitOnCompletion": true,
					"parameters": {
						"Para_PipelineRunId": {
							"value": "@pipeline().RunId",
							"type": "Expression"
						},
						"Para_DatasetId": {
							"value": "1",
							"type": "Expression"
						},
						"Para_ProgramUnitName": {
							"value": "@pipeline().Pipeline",
							"type": "Expression"
						},
						"Para_JobStatus": {
							"value": "Completed - AC_DF_PolarisDWEnriched_SCD2 (AC_DF_PolarisDWEnriched_SCD2)\n\n",
							"type": "Expression"
						},
						"Para_ProcessedRecordCount": {
							"value": "@activity('AC_DF_PolarisDWEnriched_SCD2').output.runStatus.metrics.DimensionTableSink.rowsWritten\n",
							"type": "Expression"
						},
						"Para_RejectedRecordCount": {
							"value": "0",
							"type": "Expression"
						},
						"Para_Comments": {
							"value": "@concat(pipeline().parameters.SchemaName,'_',pipeline().parameters.TableName,'_',pipeline().globalParameters.vGlobalEnrichedDS,' - DW STEP11 Rerun AC_DF_PolarisDWEnriched SCD2 Completed Sucessfully')",
							"type": "Expression"
						},
						"Para_SizeOfDataRead": {
							"value": "NULL",
							"type": "Expression"
						},
						"Para_SizeOfDataWritten": {
							"value": "NULL",
							"type": "Expression"
						},
						"Para_Duration": {
							"value": "@activity('AC_DF_PolarisDWEnriched_SCD2').Duration",
							"type": "Expression"
						},
						"Para_JobStage": {
							"value": "DW STEP11 ReRun AC_DF_PolarisDWEnriched_SCD2 - AC_FEA_PullActivePolarisDataSet",
							"type": "Expression"
						}
					}
				}
			}
		],
		"parameters": {
			"PrimaryKey": {
				"type": "string"
			},
			"ColumnNames": {
				"type": "string"
			},
			"TableName": {
				"type": "string"
			},
			"SchemaName": {
				"type": "string"
			}
		},
		"variables": {
			"vErrMsg": {
				"type": "String"
			},
			"vDFDuration": {
				"type": "String"
			},
			"vFullTableName": {
				"type": "String"
			}
		},
		"folder": {
			"name": "PL_PolarisDW/DWReRunEngine"
		},
		"annotations": []
	}
}