{
	"name": "PL_CH_DML_INSERT_DWCurationLayer_STEP9",
	"properties": {
		"activities": [
			{
				"name": "AC_CPY_CuratePolarisDS",
				"description": "Curate Polaris DS that exist in RAW schema",
				"type": "Copy",
				"dependsOn": [],
				"policy": {
					"timeout": "0.12:00:00",
					"retry": 0,
					"retryIntervalInSeconds": 30,
					"secureOutput": false,
					"secureInput": false
				},
				"userProperties": [
					{
						"name": "Source",
						"value": "@{'<DWSchema>'}.@{'<DWTable>'}"
					},
					{
						"name": "Destination",
						"value": "@{concat(pipeline().globalParameters.vGlobalEnv,'_',pipeline().globalParameters.vGlobalCurated)}.@{'PARTICIPANT_SERVICE_PARTICIPANT_CURATED'}"
					}
				],
				"typeProperties": {
					"source": {
						"type": "SnowflakeV2Source",
						"exportSettings": {
							"type": "SnowflakeExportCopyCommand"
						}
					},
					"sink": {
						"type": "SnowflakeV2Sink",
						"preCopyScript": {
							"value": "@{concat('TRUNCATE TABLE ',pipeline().globalParameters.vGlobalEnv,'_',pipeline().globalParameters.vGlobalCurated,'.',pipeline().parameters.ParaTableName)}",
							"type": "Expression"
						},
						"importSettings": {
							"type": "SnowflakeImportCopyCommand",
							"additionalCopyOptions": {
								"ON_ERROR": "CONTINUE"
							}
						}
					},
					"enableStaging": true,
					"stagingSettings": {
						"linkedServiceName": {
							"referenceName": "ls_storage_sas",
							"type": "LinkedServiceReference"
						},
						"path": {
							"value": "@concat('snowflakestaging/',pipeline().globalParameters.vGlobalEnv,'_',pipeline().globalParameters.vGlobalDWStagePath,'_CURATION',\nformatDateTime(utcnow(),'yyyy-MM-dd'),'/',pipeline().parameters.ParaTableName,'/')\n",
							"type": "Expression"
						}
					},
					"enableSkipIncompatibleRow": true,
					"logSettings": {
						"enableCopyActivityLog": true,
						"copyActivityLogSettings": {
							"logLevel": "Warning",
							"enableReliableLogging": false
						},
						"logLocationSettings": {
							"linkedServiceName": {
								"referenceName": "ls_storage",
								"type": "LinkedServiceReference"
							},
							"path": {
								"value": "@concat('snowflakelogging/',pipeline().globalParameters.vGlobalEnv,'_',pipeline().globalParameters.vGlobalDWLogPath,'_CURATION',\nformatDateTime(utcnow(),'yyyy-MM-dd'),'/',pipeline().parameters.ParaTableName,'/')\n",
								"type": "Expression"
							}
						}
					}
				},
				"inputs": [
					{
						"referenceName": "DS_PolarisSnowflakeDW",
						"type": "DatasetReference",
						"parameters": {
							"DWSchema": {
								"value": "@concat(pipeline().globalParameters.vGlobalEnv,'_',pipeline().globalParameters.vGlobalRaw)",
								"type": "Expression"
							},
							"DWTable": {
								"value": "@replace(pipeline().parameters.ParaTableName,pipeline().globalParameters.vGlobalCuratedDS,pipeline().globalParameters.vGlobalRawDS)\n",
								"type": "Expression"
							}
						}
					}
				],
				"outputs": [
					{
						"referenceName": "DS_PolarisSnowflakeDW",
						"type": "DatasetReference",
						"parameters": {
							"DWSchema": {
								"value": "@concat(pipeline().globalParameters.vGlobalEnv,'_',pipeline().globalParameters.vGlobalCurated)",
								"type": "Expression"
							},
							"DWTable": {
								"value": "@pipeline().parameters.ParaTableName",
								"type": "Expression"
							}
						}
					}
				]
			},
			{
				"name": "AC_IF_CheckNoErrorRows",
				"description": "Ensure to check there are failed records",
				"type": "IfCondition",
				"dependsOn": [
					{
						"activity": "AC_CPY_CuratePolarisDS",
						"dependencyConditions": [
							"Succeeded"
						]
					}
				],
				"userProperties": [],
				"typeProperties": {
					"expression": {
						"value": "@and(equals(activity('AC_CPY_CuratePolarisDS').output.rowsCopied,activity('AC_CPY_CuratePolarisDS').output.rowsRead),greater(activity('AC_CPY_CuratePolarisDS').output.rowsRead,0))\n\n\n\n\n",
						"type": "Expression"
					},
					"ifTrueActivities": [
						{
							"name": "AC_SV_NoCurationFailure",
							"description": "Flag to set no records failed in this load. i.e. no curation failure",
							"type": "SetVariable",
							"dependsOn": [],
							"policy": {
								"secureOutput": false,
								"secureInput": false
							},
							"userProperties": [],
							"typeProperties": {
								"variableName": "vOutputMsg",
								"value": "No Error Records"
							}
						},
						{
							"name": "AC_PL_PolarisAuditInsert_NoError",
							"description": "Capture the audit events",
							"type": "ExecutePipeline",
							"dependsOn": [
								{
									"activity": "AC_SV_NoCurationFailure",
									"dependencyConditions": [
										"Succeeded"
									]
								}
							],
							"policy": {
								"secureInput": false
							},
							"userProperties": [],
							"typeProperties": {
								"pipeline": {
									"referenceName": "PL_CH_DML_INSERT_PolarisAudit",
									"type": "PipelineReference"
								},
								"waitOnCompletion": true,
								"parameters": {
									"Para_PipelineRunId": {
										"value": "@pipeline().RunId",
										"type": "Expression"
									},
									"Para_DatasetId": {
										"value": "1",
										"type": "Expression"
									},
									"Para_ProgramUnitName": {
										"value": "@pipeline().Pipeline",
										"type": "Expression"
									},
									"Para_JobStatus": {
										"value": "DW STEP 9 - AC_CPY_CuratePolarisDS Completed without error\n\n\n\n",
										"type": "Expression"
									},
									"Para_ProcessedRecordCount": {
										"value": "@activity('AC_CPY_CuratePolarisDS').output.rowsCopied",
										"type": "Expression"
									},
									"Para_RejectedRecordCount": {
										"value": "@variables('vrowsSkipped')",
										"type": "Expression"
									},
									"Para_Comments": {
										"value": "@concat('Data successfully copied into ',pipeline().parameters.ParaTableName)",
										"type": "Expression"
									},
									"Para_SizeOfDataRead": {
										"value": "@activity('AC_CPY_CuratePolarisDS').output.dataRead",
										"type": "Expression"
									},
									"Para_SizeOfDataWritten": {
										"value": "@activity('AC_CPY_CuratePolarisDS').output.dataWritten",
										"type": "Expression"
									},
									"Para_Duration": {
										"value": "@activity('AC_CPY_CuratePolarisDS').output.copyDuration",
										"type": "Expression"
									},
									"Para_JobStage": {
										"value": "DW STEP9 Copy Polaris Data to Curation Structure - AC_IF_CheckNoErrorRows TRUE ",
										"type": "Expression"
									}
								}
							}
						},
						{
							"name": "AC_PL_PolarisErrorTrace_EnrichedStru",
							"type": "ExecutePipeline",
							"dependsOn": [
								{
									"activity": "AC_DML_CurateToUpper",
									"dependencyConditions": [
										"Failed"
									]
								}
							],
							"policy": {
								"secureInput": false
							},
							"userProperties": [],
							"typeProperties": {
								"pipeline": {
									"referenceName": "PL_CH_DML_INSERT_PolarisError",
									"type": "PipelineReference"
								},
								"waitOnCompletion": true,
								"parameters": {
									"Para_PipelineRunId": {
										"value": "@pipeline().RunId",
										"type": "Expression"
									},
									"Para_JobStage": {
										"value": "DW STEP9 AC_IF_CheckNoErrorRows(TRUE) - AC_DDL_EnrichedStructure",
										"type": "Expression"
									},
									"Para_ErrorSeverity": {
										"value": "AC_DML_CurateToUpper - Critical\n\n",
										"type": "Expression"
									},
									"Para_ErrorProgramUnitName": {
										"value": "@pipeline().Pipeline",
										"type": "Expression"
									},
									"Para_ErrorMessage": {
										"value": "@activity('AC_DML_CurateToUpper').output.Error.message\n\n\n",
										"type": "Expression"
									}
								}
							}
						},
						{
							"name": "AC_DML_CurateToUpper",
							"description": "Conversion of case as per the list of config requirements from PolarisActiveColumnforBI.XLS",
							"type": "Script",
							"dependsOn": [
								{
									"activity": "AC_PL_PolarisAuditInsert_NoError",
									"dependencyConditions": [
										"Succeeded"
									]
								}
							],
							"policy": {
								"timeout": "0.12:00:00",
								"retry": 0,
								"retryIntervalInSeconds": 30,
								"secureOutput": false,
								"secureInput": false
							},
							"userProperties": [],
							"linkedServiceName": {
								"referenceName": "ls_snowflake",
								"type": "LinkedServiceReference"
							},
							"typeProperties": {
								"scripts": [
									{
										"type": "Query",
										"text": {
											"value": "@concat('CALL ',pipeline().globalParameters.vGlobalEnv,'_',pipeline().globalParameters.vGlobalMetaEngine,'.udp_PolarisDW_Curation_ToUpper(',\n'''',\npipeline().parameters.ParaTableName,\n''',',\n'''',\npipeline().RunId,\n''',',\n'''',\npipeline().Pipeline,\n''',',\n'''',\npipeline().globalParameters.vGlobalEnv,\n''',',\n'''',\npipeline().globalParameters.vGlobalMetaEngine,\n'''',\n');')",
											"type": "Expression"
										}
									}
								],
								"scriptBlockExecutionTimeout": "02:00:00"
							}
						}
					]
				}
			},
			{
				"name": "AC_IF_CheckZeroRead",
				"type": "IfCondition",
				"dependsOn": [
					{
						"activity": "AC_CPY_CuratePolarisDS",
						"dependencyConditions": [
							"Succeeded"
						]
					}
				],
				"userProperties": [],
				"typeProperties": {
					"expression": {
						"value": "@equals(activity('AC_CPY_CuratePolarisDS').output.rowsRead,0)\n\n",
						"type": "Expression"
					},
					"ifTrueActivities": [
						{
							"name": "AC_PL_PolarisErrorTrace_NoRawRecords",
							"description": "Raw table is empty",
							"type": "ExecutePipeline",
							"dependsOn": [],
							"policy": {
								"secureInput": false
							},
							"userProperties": [],
							"typeProperties": {
								"pipeline": {
									"referenceName": "PL_CH_DML_INSERT_PolarisError",
									"type": "PipelineReference"
								},
								"waitOnCompletion": true,
								"parameters": {
									"Para_PipelineRunId": {
										"value": "@pipeline().RunId",
										"type": "Expression"
									},
									"Para_JobStage": {
										"value": "DW STEP9 AC_IF_CheckZeroRead(TRUE)",
										"type": "Expression"
									},
									"Para_ErrorSeverity": {
										"value": "AC_CPY_CuratePolarisDS - Critical\n",
										"type": "Expression"
									},
									"Para_ErrorProgramUnitName": {
										"value": "@pipeline().Pipeline",
										"type": "Expression"
									},
									"Para_ErrorMessage": {
										"value": "@concat(replace(pipeline().parameters.ParaTableName,pipeline().globalParameters.vGlobalCuratedDS,pipeline().globalParameters.vGlobalRawDS), '- Does not have any records to copy, pls check CRM source')\n",
										"type": "Expression"
									}
								}
							}
						}
					]
				}
			},
			{
				"name": "AC_IF_CheckSkippedRows",
				"type": "IfCondition",
				"dependsOn": [
					{
						"activity": "AC_CPY_CuratePolarisDS",
						"dependencyConditions": [
							"Succeeded"
						]
					}
				],
				"userProperties": [],
				"typeProperties": {
					"expression": {
						"value": "@less(activity('AC_CPY_CuratePolarisDS').output.rowsCopied,activity('AC_CPY_CuratePolarisDS').output.rowsRead)",
						"type": "Expression"
					},
					"ifTrueActivities": [
						{
							"name": "AC_QRY_CuratedErrors",
							"description": "Capture error details of raw data sets.",
							"type": "Script",
							"dependsOn": [
								{
									"activity": "AC_SV_RowsSkipped",
									"dependencyConditions": [
										"Succeeded"
									]
								}
							],
							"policy": {
								"timeout": "0.12:00:00",
								"retry": 0,
								"retryIntervalInSeconds": 30,
								"secureOutput": false,
								"secureInput": false
							},
							"userProperties": [],
							"linkedServiceName": {
								"referenceName": "ls_snowflake",
								"type": "LinkedServiceReference"
							},
							"typeProperties": {
								"scripts": [
									{
										"type": "Query",
										"text": {
											"value": "@concat(' SELECT SCHEMA_NAME, TABLE_NAME, STATUS,LAST_LOAD_TIME, FIRST_ERROR_MESSAGE, FIRST_ERROR_COL_NAME FROM information_schema.load_history WHERE schema_name = ','''',pipeline().globalParameters.vGlobalEnv,'_',pipeline().globalParameters.vGlobalCurated,'''',' AND table_name = ','''',pipeline().parameters.ParaTableName,'''')\n\n",
											"type": "Expression"
										}
									}
								],
								"scriptBlockExecutionTimeout": "02:00:00"
							}
						},
						{
							"name": "AC_DML_LogCurationErrors",
							"description": "Log the error information.",
							"type": "Script",
							"dependsOn": [
								{
									"activity": "AC_QRY_CuratedErrors",
									"dependencyConditions": [
										"Succeeded"
									]
								}
							],
							"policy": {
								"timeout": "0.12:00:00",
								"retry": 0,
								"retryIntervalInSeconds": 30,
								"secureOutput": false,
								"secureInput": false
							},
							"userProperties": [],
							"linkedServiceName": {
								"referenceName": "ls_snowflake",
								"type": "LinkedServiceReference"
							},
							"typeProperties": {
								"scripts": [
									{
										"parameters": [
											{
												"name": "Para_PolarisTable",
												"type": "String",
												"value": {
													"value": "@activity('AC_QRY_CuratedErrors').output.resultSets[0].rows[0].TABLE_NAME",
													"type": "Expression"
												},
												"direction": "Input"
											},
											{
												"name": "Para_CurationLoadTime",
												"type": "String",
												"value": {
													"value": "@activity('AC_QRY_CuratedErrors').output.resultSets[0].rows[0].LAST_LOAD_TIME",
													"type": "Expression"
												},
												"direction": "Input"
											},
											{
												"name": "Para_PipelineRunId",
												"type": "String",
												"value": {
													"value": "@pipeline().RunId",
													"type": "Expression"
												},
												"direction": "Input"
											},
											{
												"name": "Para_ProgramUnitName",
												"type": "String",
												"value": {
													"value": "@pipeline().Pipeline",
													"type": "Expression"
												},
												"direction": "Input"
											},
											{
												"name": "Para_SchemaName",
												"type": "String",
												"value": {
													"value": "@activity('AC_QRY_CuratedErrors').output.resultSets[0].rows[0].SCHEMA_NAME",
													"type": "Expression"
												},
												"direction": "Input"
											},
											{
												"name": "Para_CurationStatus",
												"type": "String",
												"value": {
													"value": "@activity('AC_QRY_CuratedErrors').output.resultSets[0].rows[0].STATUS",
													"type": "Expression"
												},
												"direction": "Input"
											},
											{
												"name": "Para_CurationErrorMsg",
												"type": "String",
												"value": {
													"value": "@activity('AC_QRY_CuratedErrors').output.resultSets[0].rows[0].FIRST_ERROR_MESSAGE",
													"type": "Expression"
												},
												"direction": "Input"
											},
											{
												"name": "Para_ErrorColName",
												"type": "String",
												"value": {
													"value": "@activity('AC_QRY_CuratedErrors').output.resultSets[0].rows[0].FIRST_ERROR_COL_NAME",
													"type": "Expression"
												},
												"direction": "Input"
											},
											{
												"name": "Para_FailureCount",
												"type": "Int32",
												"value": {
													"value": "@variables('vrowsSkipped')",
													"type": "Expression"
												},
												"direction": "Input"
											},
											{
												"name": "ParaTargetEnv",
												"type": "String",
												"value": {
													"value": "@pipeline().globalParameters.vGlobalEnv",
													"type": "Expression"
												},
												"direction": "Input"
											},
											{
												"name": "ParaMetaSchema",
												"type": "String",
												"value": {
													"value": "@pipeline().globalParameters.vGlobalMetaEngine",
													"type": "Expression"
												},
												"direction": "Input"
											}
										],
										"type": "NonQuery",
										"text": {
											"value": "@concat('CALL ',pipeline().globalParameters.vGlobalEnv,'_',pipeline().globalParameters.vGlobalMetaEngine,'.udp_PolarisDW_Curation_Error(',\n'''',\nactivity('AC_QRY_CuratedErrors').output.resultSets[0].rows[0].TABLE_NAME,\n''',',\n'''',\nactivity('AC_QRY_CuratedErrors').output.resultSets[0].rows[0].LAST_LOAD_TIME,\n''',',\n'''',\npipeline().RunId,\n''',',\n'''',\npipeline().Pipeline,\n''',',\n'''',\nactivity('AC_QRY_CuratedErrors').output.resultSets[0].rows[0].SCHEMA_NAME,\n''',',\n'''',\nactivity('AC_QRY_CuratedErrors').output.resultSets[0].rows[0].STATUS,\n''',',\n'''',\nreplace(activity('AC_QRY_CuratedErrors').output.resultSets[0].rows[0].FIRST_ERROR_MESSAGE,'''','-'),\n''',',\n'''',\nactivity('AC_QRY_CuratedErrors').output.resultSets[0].rows[0].FIRST_ERROR_COL_NAME,\n''',',\nstring(variables('vrowsSkipped')),\n',',\n'''',\npipeline().globalParameters.vGlobalEnv,\n''',',\n'''',\npipeline().globalParameters.vGlobalMetaEngine,\n'''',\n');')",
											"type": "Expression"
										}
									}
								],
								"scriptBlockExecutionTimeout": "02:00:00"
							}
						},
						{
							"name": "AC_PL_PolarisAuditInsert",
							"description": "Capture the audit events",
							"type": "ExecutePipeline",
							"dependsOn": [
								{
									"activity": "AC_DML_LogCurationErrors",
									"dependencyConditions": [
										"Succeeded"
									]
								}
							],
							"policy": {
								"secureInput": false
							},
							"userProperties": [],
							"typeProperties": {
								"pipeline": {
									"referenceName": "PL_CH_DML_INSERT_PolarisAudit",
									"type": "PipelineReference"
								},
								"waitOnCompletion": true,
								"parameters": {
									"Para_PipelineRunId": {
										"value": "@pipeline().RunId",
										"type": "Expression"
									},
									"Para_DatasetId": {
										"value": "1",
										"type": "Expression"
									},
									"Para_ProgramUnitName": {
										"value": "@pipeline().Pipeline",
										"type": "Expression"
									},
									"Para_JobStatus": {
										"value": "DW STEP 9 - AC_CPY_CuratePolarisDS Completed and logged erros\n\n",
										"type": "Expression"
									},
									"Para_ProcessedRecordCount": {
										"value": "@activity('AC_CPY_CuratePolarisDS').output.rowsCopied",
										"type": "Expression"
									},
									"Para_RejectedRecordCount": {
										"value": "@variables('vrowsSkipped')",
										"type": "Expression"
									},
									"Para_Comments": {
										"value": "@concat(' Polaris Data Sets Curation Errors Stored - in ',activity('AC_CPY_CuratePolarisDS').output.logFilePath,'- For the Data set -',activity('AC_QRY_CuratedErrors').output.resultSets[0].rows[0].TABLE_NAME)",
										"type": "Expression"
									},
									"Para_SizeOfDataRead": {
										"value": "@activity('AC_CPY_CuratePolarisDS').output.dataRead",
										"type": "Expression"
									},
									"Para_SizeOfDataWritten": {
										"value": "@activity('AC_CPY_CuratePolarisDS').output.dataWritten",
										"type": "Expression"
									},
									"Para_Duration": {
										"value": "@activity('AC_DML_LogCurationErrors').Duration",
										"type": "Expression"
									},
									"Para_JobStage": {
										"value": "DW STEP 9 AC_DML_LogCurationErrors Executed - AC_IF_CheckSkippedRows - TRUE",
										"type": "Expression"
									}
								}
							}
						},
						{
							"name": "AC_SV_CaptureErrorMessage",
							"description": "Capture Previous activity Error message",
							"type": "SetVariable",
							"dependsOn": [
								{
									"activity": "AC_QRY_CuratedErrors",
									"dependencyConditions": [
										"Failed"
									]
								},
								{
									"activity": "AC_DML_LogCurationErrors",
									"dependencyConditions": [
										"Failed"
									]
								}
							],
							"policy": {
								"secureOutput": false,
								"secureInput": false
							},
							"userProperties": [],
							"typeProperties": {
								"variableName": "vOutputMsg",
								"value": {
									"value": "@concat(activity('AC_QRY_CuratedErrors').Error.message,' ',activity('AC_DML_LogCurationErrors').Error.message)",
									"type": "Expression"
								}
							}
						},
						{
							"name": "AC_PL_PolarisErrorTrace",
							"type": "ExecutePipeline",
							"dependsOn": [
								{
									"activity": "AC_SV_CaptureErrorMessage",
									"dependencyConditions": [
										"Failed"
									]
								}
							],
							"policy": {
								"secureInput": false
							},
							"userProperties": [],
							"typeProperties": {
								"pipeline": {
									"referenceName": "PL_CH_DML_INSERT_PolarisError",
									"type": "PipelineReference"
								},
								"waitOnCompletion": true,
								"parameters": {
									"Para_PipelineRunId": {
										"value": "@pipeline().RunId",
										"type": "Expression"
									},
									"Para_JobStage": {
										"value": "DW STEP9 Copy Polaris Data to Curation Structure - AC_IF_CheckSkippedRows - TRUE",
										"type": "Expression"
									},
									"Para_ErrorSeverity": {
										"value": "@concat(' AC_IF_CheckSkippedRows Fatal error -', activity('AC_QRY_CuratedErrors').output.resultSets[0].rows[0].TABLE_NAME)",
										"type": "Expression"
									},
									"Para_ErrorProgramUnitName": {
										"value": "@pipeline().Pipeline",
										"type": "Expression"
									},
									"Para_ErrorMessage": {
										"value": "@variables('vOutputMsg')",
										"type": "Expression"
									}
								}
							}
						},
						{
							"name": "AC_SV_RowsSkipped",
							"description": "Capture No of Error Records",
							"type": "SetVariable",
							"dependsOn": [],
							"policy": {
								"secureOutput": false,
								"secureInput": false
							},
							"userProperties": [],
							"typeProperties": {
								"variableName": "vrowsSkipped",
								"value": {
									"value": "@activity('AC_CPY_CuratePolarisDS').output.rowsSkipped",
									"type": "Expression"
								}
							}
						}
					]
				}
			}
		],
		"parameters": {
			"ParaTableName": {
				"type": "string"
			}
		},
		"variables": {
			"vOutputMsg": {
				"type": "String"
			},
			"vrowsSkipped": {
				"type": "Integer",
				"defaultValue": 0
			},
			"vErrorMsg": {
				"type": "String"
			},
			"vMetaSchemaProcessMstr": {
				"type": "String"
			},
			"vOriginalDataSet": {
				"type": "String"
			},
			"vZeroRead": {
				"type": "Integer",
				"defaultValue": 1
			},
			"vRowsCopied": {
				"type": "String"
			}
		},
		"folder": {
			"name": "PL_PolarisDW/DWCurationLayer"
		},
		"annotations": []
	}
}