{
	"name": "PL_CH_DML_INSERT_DWCurationLayer_STEP7_CPY_Orig",
	"properties": {
		"activities": [
			{
				"name": "AC_CPY_CuratePolarisDS",
				"description": "Curate Polaris DS that exist in RAW schema",
				"type": "Copy",
				"dependsOn": [],
				"policy": {
					"timeout": "0.12:00:00",
					"retry": 0,
					"retryIntervalInSeconds": 30,
					"secureOutput": false,
					"secureInput": false
				},
				"userProperties": [
					{
						"name": "Source",
						"value": "@{'<DWSchema>'}.@{'<DWTable>'}"
					},
					{
						"name": "Destination",
						"value": "@{concat(pipeline().globalParameters.vGlobalEnv,'_',pipeline().globalParameters.vGlobalCurated)}.@{'PARTICIPANT_SERVICE_PARTICIPANT_CURATED'}"
					}
				],
				"typeProperties": {
					"source": {
						"type": "SnowflakeSource",
						"exportSettings": {
							"type": "SnowflakeExportCopyCommand"
						}
					},
					"sink": {
						"type": "SnowflakeSink",
						"preCopyScript": {
							"value": "@concat('TRUNCATE TABLE ',pipeline().globalParameters.vGlobalEnv,'_',pipeline().globalParameters.vGlobalCurated,'.',pipeline().parameters.ParaTableName)",
							"type": "Expression"
						},
						"importSettings": {
							"type": "SnowflakeImportCopyCommand",
							"additionalCopyOptions": {
								"ON_ERROR": "CONTINUE"
							}
						}
					},
					"enableStaging": true,
					"stagingSettings": {
						"linkedServiceName": {
							"referenceName": "storage_staging_SAS_uat",
							"type": "LinkedServiceReference"
						},
						"path": {
							"value": "@concat('snowflakestaging/',pipeline().globalParameters.vGlobalEnv,'_',pipeline().globalParameters.vGlobalDWStagePath,'_CURATION',\nformatDateTime(utcnow(),'yyyy-MM-dd'),'/',pipeline().parameters.ParaTableName,'/')\n",
							"type": "Expression"
						}
					},
					"enableSkipIncompatibleRow": true,
					"logSettings": {
						"enableCopyActivityLog": true,
						"copyActivityLogSettings": {
							"logLevel": "Warning",
							"enableReliableLogging": false
						},
						"logLocationSettings": {
							"linkedServiceName": {
								"referenceName": "storage_staging_uat",
								"type": "LinkedServiceReference"
							},
							"path": {
								"value": "@concat('snowflakelogging/',pipeline().globalParameters.vGlobalEnv,'_',pipeline().globalParameters.vGlobalDWLogPath,'_CURATION',\nformatDateTime(utcnow(),'yyyy-MM-dd'),'/',pipeline().parameters.ParaTableName,'/')\n",
								"type": "Expression"
							}
						}
					}
				},
				"inputs": [
					{
						"referenceName": "DS_PolarisSnowflakeDW_Orig",
						"type": "DatasetReference",
						"parameters": {
							"DWSchema": {
								"value": "@concat(pipeline().globalParameters.vGlobalEnv,'_',pipeline().globalParameters.vGlobalRaw)",
								"type": "Expression"
							},
							"DWTable": {
								"value": "@replace(pipeline().parameters.ParaTableName,pipeline().globalParameters.vGlobalCuratedDS,pipeline().globalParameters.vGlobalRawDS)\n\n",
								"type": "Expression"
							}
						}
					}
				],
				"outputs": [
					{
						"referenceName": "DS_PolarisSnowflakeDW_Orig",
						"type": "DatasetReference",
						"parameters": {
							"DWSchema": {
								"value": "@concat(pipeline().globalParameters.vGlobalEnv,'_',pipeline().globalParameters.vGlobalCurated)",
								"type": "Expression"
							},
							"DWTable": {
								"value": "@pipeline().parameters.ParaTableName",
								"type": "Expression"
							}
						}
					}
				]
			},
			{
				"name": "AC_SV_RowsSkipped",
				"description": "Capture No of Error Records",
				"type": "SetVariable",
				"dependsOn": [
					{
						"activity": "AC_CPY_CuratePolarisDS",
						"dependencyConditions": [
							"Succeeded"
						]
					}
				],
				"policy": {
					"secureOutput": false,
					"secureInput": false
				},
				"userProperties": [],
				"typeProperties": {
					"variableName": "vrowsSkipped",
					"value": {
						"value": "@activity('AC_CPY_CuratePolarisDS').output.rowsSkipped",
						"type": "Expression"
					}
				}
			},
			{
				"name": "AC_IF_CheckAnyErrorRows",
				"description": "Ensure to check there are failed records",
				"type": "IfCondition",
				"dependsOn": [
					{
						"activity": "AC_SV_RowsSkipped",
						"dependencyConditions": [
							"Succeeded"
						]
					}
				],
				"userProperties": [],
				"typeProperties": {
					"expression": {
						"value": "@greater(activity('AC_CPY_CuratePolarisDS').output.rowsSkipped,0)\n",
						"type": "Expression"
					},
					"ifFalseActivities": [
						{
							"name": "AC_SV_NoCurationFailure",
							"description": "Flag to set no records failed in this load.",
							"type": "SetVariable",
							"dependsOn": [],
							"policy": {
								"secureOutput": false,
								"secureInput": false
							},
							"userProperties": [],
							"typeProperties": {
								"variableName": "vOutputMsg",
								"value": "No Error Records"
							}
						},
						{
							"name": "AC_PL_PolarisAuditInsert_NoError",
							"description": "Capture the audit events",
							"type": "ExecutePipeline",
							"dependsOn": [
								{
									"activity": "AC_SV_NoCurationFailure",
									"dependencyConditions": [
										"Succeeded"
									]
								}
							],
							"policy": {
								"secureInput": false
							},
							"userProperties": [],
							"typeProperties": {
								"pipeline": {
									"referenceName": "PL_CH_DML_INSERT_PolarisAudit",
									"type": "PipelineReference"
								},
								"waitOnCompletion": true,
								"parameters": {
									"Para_PipelineRunId": {
										"value": "@pipeline().RunId",
										"type": "Expression"
									},
									"Para_DatasetId": {
										"value": "1",
										"type": "Expression"
									},
									"Para_ProgramUnitName": {
										"value": "@pipeline().Pipeline",
										"type": "Expression"
									},
									"Para_JobStatus": {
										"value": "DW STEP 7 - AC_DML_LogCurationErrors Completed without error",
										"type": "Expression"
									},
									"Para_ProcessedRecordCount": {
										"value": "@variables('vrowsSkipped')",
										"type": "Expression"
									},
									"Para_Comments": {
										"value": "@concat(variables('vOutputMsg'),' ',pipeline().parameters.ParaTableName)",
										"type": "Expression"
									},
									"Para_Duration": {
										"value": "@activity('AC_CPY_CuratePolarisDS').output.copyDuration",
										"type": "Expression"
									},
									"Para_JobStage": {
										"value": "DW STEP7 Copy Polaris Data to Curation Structure",
										"type": "Expression"
									}
								}
							}
						},
						{
							"name": "AC_DDL_EnrichedStructure",
							"description": "Create/Alter Enrich Structure",
							"type": "Script",
							"dependsOn": [
								{
									"activity": "AC_PL_PolarisAuditInsert_NoError",
									"dependencyConditions": [
										"Succeeded"
									]
								}
							],
							"policy": {
								"timeout": "0.12:00:00",
								"retry": 0,
								"retryIntervalInSeconds": 30,
								"secureOutput": false,
								"secureInput": false
							},
							"userProperties": [],
							"linkedServiceName": {
								"referenceName": "snowflake_rinpnonprod_uat",
								"type": "LinkedServiceReference"
							},
							"typeProperties": {
								"scripts": [
									{
										"parameters": [
											{
												"name": "Para_PipelineRunId",
												"type": "String",
												"value": {
													"value": "@pipeline().RunId",
													"type": "Expression"
												},
												"direction": "Input"
											},
											{
												"name": "Para_ProgramUnitName",
												"type": "String",
												"value": {
													"value": "@pipeline().Pipeline",
													"type": "Expression"
												},
												"direction": "Input"
											},
											{
												"name": "ParaTargetEnv",
												"type": "String",
												"value": {
													"value": "@pipeline().globalParameters.vGlobalEnv",
													"type": "Expression"
												},
												"direction": "Input"
											},
											{
												"name": "ParaEnrichedSchema",
												"type": "String",
												"value": {
													"value": "@pipeline().globalParameters.vGlobalEnriched\n\n",
													"type": "Expression"
												},
												"direction": "Input"
											},
											{
												"name": "ParaMetaSchema",
												"type": "String",
												"value": {
													"value": "@pipeline().globalParameters.vGlobalMetaEngine",
													"type": "Expression"
												},
												"direction": "Input"
											},
											{
												"name": "ParaEnrichedTableName",
												"type": "String",
												"value": {
													"value": "@replace(pipeline().parameters.ParaTableName,pipeline().globalParameters.vGlobalCuratedDS,pipeline().globalParameters.vGlobalEnrichedDS)\n\n",
													"type": "Expression"
												},
												"direction": "Input"
											}
										],
										"type": "NonQuery",
										"text": {
											"value": "@concat('CALL ',pipeline().globalParameters.vGlobalEnv,'_',pipeline().globalParameters.vGlobalRaw,'.udp_PolarisDW_Enriched_TableCreation(?,?,?,?,?,?);')\n\n",
											"type": "Expression"
										}
									}
								],
								"scriptBlockExecutionTimeout": "02:00:00"
							}
						},
						{
							"name": "AC_PL_PolarisAuditInsert_EnrichDDL",
							"description": "Capture the audit events",
							"type": "ExecutePipeline",
							"dependsOn": [
								{
									"activity": "AC_DDL_EnrichedStructure",
									"dependencyConditions": [
										"Succeeded"
									]
								}
							],
							"policy": {
								"secureInput": false
							},
							"userProperties": [],
							"typeProperties": {
								"pipeline": {
									"referenceName": "PL_CH_DML_INSERT_PolarisAudit",
									"type": "PipelineReference"
								},
								"waitOnCompletion": true,
								"parameters": {
									"Para_PipelineRunId": {
										"value": "@pipeline().RunId",
										"type": "Expression"
									},
									"Para_DatasetId": {
										"value": "1",
										"type": "Expression"
									},
									"Para_ProgramUnitName": {
										"value": "@pipeline().Pipeline",
										"type": "Expression"
									},
									"Para_JobStatus": {
										"value": "DW STEP 7 -AC_DDL_EnrichedStructure Completed without error",
										"type": "Expression"
									},
									"Para_ProcessedRecordCount": {
										"value": "@activity('AC_DDL_EnrichedStructure').output.recordsAffected",
										"type": "Expression"
									},
									"Para_Comments": {
										"value": "@concat(replace(pipeline().parameters.ParaTableName,pipeline().globalParameters.vGlobalCuratedDS,pipeline().globalParameters.vGlobalEnrichedDS),' Sucessfully Created')\n",
										"type": "Expression"
									},
									"Para_Duration": {
										"value": "@activity('AC_DDL_EnrichedStructure').Duration",
										"type": "Expression"
									},
									"Para_JobStage": {
										"value": "DW STEP7 Enriched DDL Structure Creation\n\n",
										"type": "Expression"
									}
								}
							}
						}
					],
					"ifTrueActivities": [
						{
							"name": "AC_SV_CaptureErrorMessage",
							"description": "Capture Previous activity Error message",
							"type": "SetVariable",
							"dependsOn": [
								{
									"activity": "AC_QRY_CuratedErrors",
									"dependencyConditions": [
										"Failed"
									]
								},
								{
									"activity": "AC_DML_LogCurationErrors",
									"dependencyConditions": [
										"Failed"
									]
								}
							],
							"policy": {
								"secureOutput": false,
								"secureInput": false
							},
							"userProperties": [],
							"typeProperties": {
								"variableName": "vOutputMsg",
								"value": {
									"value": "@concat(activity('AC_QRY_CuratedErrors').Error.message,' ',activity('AC_DML_LogCurationErrors').Error.message)",
									"type": "Expression"
								}
							}
						},
						{
							"name": "AC_DML_LogCurationErrors",
							"description": "Log the error information.",
							"type": "Script",
							"dependsOn": [
								{
									"activity": "AC_QRY_CuratedErrors",
									"dependencyConditions": [
										"Succeeded"
									]
								}
							],
							"policy": {
								"timeout": "0.12:00:00",
								"retry": 0,
								"retryIntervalInSeconds": 30,
								"secureOutput": false,
								"secureInput": false
							},
							"userProperties": [],
							"linkedServiceName": {
								"referenceName": "snowflake_rinpnonprod_uat",
								"type": "LinkedServiceReference"
							},
							"typeProperties": {
								"scripts": [
									{
										"parameters": [
											{
												"name": "Para_PolarisTable",
												"type": "String",
												"value": {
													"value": "@activity('AC_QRY_CuratedErrors').output.resultSets[0].rows[0].TABLE_NAME",
													"type": "Expression"
												},
												"direction": "Input"
											},
											{
												"name": "Para_CurationLoadTime",
												"type": "String",
												"value": {
													"value": "@activity('AC_QRY_CuratedErrors').output.resultSets[0].rows[0].LAST_LOAD_TIME",
													"type": "Expression"
												},
												"direction": "Input"
											},
											{
												"name": "Para_PipelineRunId",
												"type": "String",
												"value": {
													"value": "@pipeline().RunId",
													"type": "Expression"
												},
												"direction": "Input"
											},
											{
												"name": "Para_ProgramUnitName",
												"type": "String",
												"value": {
													"value": "@pipeline().Pipeline",
													"type": "Expression"
												},
												"direction": "Input"
											},
											{
												"name": "Para_SchemaName",
												"type": "String",
												"value": {
													"value": "@activity('AC_QRY_CuratedErrors').output.resultSets[0].rows[0].SCHEMA_NAME",
													"type": "Expression"
												},
												"direction": "Input"
											},
											{
												"name": "Para_CurationStatus",
												"type": "String",
												"value": {
													"value": "@activity('AC_QRY_CuratedErrors').output.resultSets[0].rows[0].STATUS",
													"type": "Expression"
												},
												"direction": "Input"
											},
											{
												"name": "Para_CurationErrorMsg",
												"type": "String",
												"value": {
													"value": "@activity('AC_QRY_CuratedErrors').output.resultSets[0].rows[0].FIRST_ERROR_MESSAGE",
													"type": "Expression"
												},
												"direction": "Input"
											},
											{
												"name": "Para_ErrorColName",
												"type": "String",
												"value": {
													"value": "@activity('AC_QRY_CuratedErrors').output.resultSets[0].rows[0].FIRST_ERROR_COL_NAME",
													"type": "Expression"
												},
												"direction": "Input"
											},
											{
												"name": "Para_FailureCount",
												"type": "Int32",
												"value": {
													"value": "@variables('vrowsSkipped')",
													"type": "Expression"
												},
												"direction": "Input"
											},
											{
												"name": "ParaTargetEnv",
												"type": "String",
												"value": {
													"value": "@pipeline().globalParameters.vGlobalEnv",
													"type": "Expression"
												},
												"direction": "Input"
											},
											{
												"name": "ParaMetaSchema",
												"type": "String",
												"value": {
													"value": "@pipeline().globalParameters.vGlobalMetaEngine",
													"type": "Expression"
												},
												"direction": "Input"
											}
										],
										"type": "NonQuery",
										"text": {
											"value": "@concat('CALL ',pipeline().globalParameters.vGlobalEnv,'_',pipeline().globalParameters.vGlobalMetaEngine,'.udp_PolarisDW_Curation_Error(?,?,?,?,?,?,?,?,?,?,?);')",
											"type": "Expression"
										}
									}
								],
								"scriptBlockExecutionTimeout": "02:00:00"
							}
						},
						{
							"name": "AC_QRY_CuratedErrors",
							"description": "Capture error details of raw data sets.",
							"type": "Script",
							"dependsOn": [],
							"policy": {
								"timeout": "0.12:00:00",
								"retry": 0,
								"retryIntervalInSeconds": 30,
								"secureOutput": false,
								"secureInput": false
							},
							"userProperties": [],
							"linkedServiceName": {
								"referenceName": "snowflake_rinpnonprod_uat",
								"type": "LinkedServiceReference"
							},
							"typeProperties": {
								"scripts": [
									{
										"type": "Query",
										"text": {
											"value": "@concat(' SELECT SCHEMA_NAME, TABLE_NAME, STATUS,LAST_LOAD_TIME, FIRST_ERROR_MESSAGE, FIRST_ERROR_COL_NAME FROM information_schema.load_history WHERE schema_name = ','''',pipeline().globalParameters.vGlobalEnv,'_',pipeline().globalParameters.vGlobalCurated,'''',' AND table_name = ','''',pipeline().parameters.ParaTableName,'''')\n\n",
											"type": "Expression"
										}
									}
								],
								"scriptBlockExecutionTimeout": "02:00:00"
							}
						},
						{
							"name": "AC_PL_PolarisAuditInsert",
							"description": "Capture the audit events",
							"type": "ExecutePipeline",
							"dependsOn": [
								{
									"activity": "AC_DML_LogCurationErrors",
									"dependencyConditions": [
										"Succeeded"
									]
								}
							],
							"policy": {
								"secureInput": false
							},
							"userProperties": [],
							"typeProperties": {
								"pipeline": {
									"referenceName": "PL_CH_DML_INSERT_PolarisAudit",
									"type": "PipelineReference"
								},
								"waitOnCompletion": true,
								"parameters": {
									"Para_PipelineRunId": {
										"value": "@pipeline().RunId",
										"type": "Expression"
									},
									"Para_DatasetId": {
										"value": "1",
										"type": "Expression"
									},
									"Para_ProgramUnitName": {
										"value": "@pipeline().Pipeline",
										"type": "Expression"
									},
									"Para_JobStatus": {
										"value": "DW STEP 7 - AC_DML_LogCurationErrors Completed and logged erros",
										"type": "Expression"
									},
									"Para_ProcessedRecordCount": {
										"value": "@activity('AC_QRY_CuratedErrors').output.recordsAffected",
										"type": "Expression"
									},
									"Para_Comments": {
										"value": "@concat(' Polaris Data Sets Curation Errors Stored - in ',activity('AC_CPY_CuratePolarisDS').output.logFilePath,'- For the Data set -',activity('AC_QRY_CuratedErrors').output.resultSets[0].rows[0].TABLE_NAME)",
										"type": "Expression"
									},
									"Para_Duration": {
										"value": "@activity('AC_DML_LogCurationErrors').Duration",
										"type": "Expression"
									},
									"Para_JobStage": {
										"value": "DW STEP 7 AC_DML_LogCurationErrors Executed ",
										"type": "Expression"
									}
								}
							}
						},
						{
							"name": "AC_PL_PolarisErrorTrace",
							"type": "ExecutePipeline",
							"dependsOn": [
								{
									"activity": "AC_SV_CaptureErrorMessage",
									"dependencyConditions": [
										"Failed"
									]
								}
							],
							"policy": {
								"secureInput": false
							},
							"userProperties": [],
							"typeProperties": {
								"pipeline": {
									"referenceName": "PL_CH_DML_INSERT_PolarisError",
									"type": "PipelineReference"
								},
								"waitOnCompletion": true,
								"parameters": {
									"Para_PipelineRunId": {
										"value": "@pipeline().RunId",
										"type": "Expression"
									},
									"Para_JobStage": {
										"value": "DW STEP6 Copy Polaris Data to Curation Structure",
										"type": "Expression"
									},
									"Para_ErrorSeverity": {
										"value": "@concat(' AC_IF_CheckAnyErrorRows Fatal error -', activity('AC_QRY_CuratedErrors').output.resultSets[0].rows[0].TABLE_NAME)",
										"type": "Expression"
									},
									"Para_ErrorProgramUnitName": {
										"value": "@pipeline().Pipeline",
										"type": "Expression"
									},
									"Para_ErrorMessage": {
										"value": "@variables('vOutputMsg')",
										"type": "Expression"
									}
								}
							}
						}
					]
				}
			}
		],
		"parameters": {
			"ParaTableName": {
				"type": "string"
			}
		},
		"variables": {
			"vOutputMsg": {
				"type": "String"
			},
			"vrowsSkipped": {
				"type": "Integer"
			},
			"vErrorMsg": {
				"type": "String"
			},
			"vMetaSchemaProcessMstr": {
				"type": "String"
			},
			"vOriginalDataSet": {
				"type": "String"
			}
		},
		"folder": {
			"name": "OriginalVer"
		},
		"annotations": []
	}
}