{
	"name": "PL_CH_DDL_DWRawLayerCRMStructure_STEP4",
	"properties": {
		"activities": [
			{
				"name": "AC_FEA_PullPolarisDataStructure",
				"description": "Pull Polaris CRM Source DB structure for every configured DW data set.",
				"type": "ForEach",
				"dependsOn": [],
				"userProperties": [],
				"typeProperties": {
					"items": {
						"value": "@pipeline().parameters.ParaCRMDataSet",
						"type": "Expression"
					},
					"isSequential": true,
					"activities": [
						{
							"name": "AC_QRY_PolarisDDLStructure",
							"description": "Pull configured POLARIS DW data sets table structure from POLARIS CRM",
							"type": "Script",
							"dependsOn": [],
							"policy": {
								"timeout": "0.12:00:00",
								"retry": 0,
								"retryIntervalInSeconds": 30,
								"secureOutput": false,
								"secureInput": false
							},
							"userProperties": [],
							"linkedServiceName": {
								"referenceName": "ls_sql",
								"type": "LinkedServiceReference"
							},
							"typeProperties": {
								"scripts": [
									{
										"parameters": [
											{
												"name": "Schema",
												"type": "String",
												"value": {
													"value": "@item().schema_name\n\n",
													"type": "Expression"
												},
												"direction": "Input"
											},
											{
												"name": "Table",
												"type": "String",
												"value": {
													"value": "@item().table_name",
													"type": "Expression"
												},
												"direction": "Input"
											}
										],
										"type": "Query",
										"text": "SELECT\tTABLE_SCHEMA,TABLE_NAME,COLUMN_NAME,DATA_TYPE,IS_NULLABLE,COLUMN_DEFAULT\nFROM INFORMATION_SCHEMA.COLUMNS\nwhere table_schema = @Schema and table_name = @Table;"
									}
								],
								"scriptBlockExecutionTimeout": "02:00:00"
							}
						},
						{
							"name": "AC_SV_CaptureError",
							"type": "SetVariable",
							"dependsOn": [
								{
									"activity": "AC_QRY_PolarisDDLStructure",
									"dependencyConditions": [
										"Failed"
									]
								}
							],
							"policy": {
								"secureOutput": false,
								"secureInput": false
							},
							"userProperties": [],
							"typeProperties": {
								"variableName": "vErrorMsg",
								"value": {
									"value": "@activity('AC_QRY_PolarisDDLStructure').Error.message",
									"type": "Expression"
								}
							}
						},
						{
							"name": "AC_IF_PolarisDDLStructure",
							"type": "IfCondition",
							"dependsOn": [
								{
									"activity": "AC_QRY_PolarisDDLStructure",
									"dependencyConditions": [
										"Succeeded"
									]
								}
							],
							"userProperties": [],
							"typeProperties": {
								"expression": {
									"value": "@greater(activity('AC_QRY_PolarisDDLStructure').output.resultSetCount,0)",
									"type": "Expression"
								},
								"ifFalseActivities": [
									{
										"name": "AC_PL_PolarisInvalidDSTrace",
										"description": "Log the error related to invalid POLARIS CRM Structure",
										"type": "ExecutePipeline",
										"dependsOn": [],
										"policy": {
											"secureInput": false
										},
										"userProperties": [],
										"typeProperties": {
											"pipeline": {
												"referenceName": "PL_CH_DML_INSERT_PolarisError",
												"type": "PipelineReference"
											},
											"waitOnCompletion": true,
											"parameters": {
												"Para_PipelineRunId": {
													"value": "@pipeline().RunId",
													"type": "Expression"
												},
												"Para_JobStage": {
													"value": "DW STEP4-AC_FEA_PullActivePolarisDataSet-AC_IF_PolarisDDLStructure (FALSE)",
													"type": "Expression"
												},
												"Para_ErrorSeverity": {
													"value": "AC_FEA_PullPolarisDataStructure - Critical",
													"type": "Expression"
												},
												"Para_ErrorProgramUnitName": {
													"value": "@pipeline().Pipeline",
													"type": "Expression"
												},
												"Para_ErrorMessage": {
													"value": "@concat(item().datasetname, ' - No Record Found in Polaris CRM Database')",
													"type": "Expression"
												}
											}
										}
									},
									{
										"name": "AC_DML_UpdateDWSinkStrutoError",
										"description": "Update DatasetProcessMasterTbl DWStructure status to E to all Error records",
										"type": "Script",
										"dependsOn": [
											{
												"activity": "AC_PL_PolarisInvalidDSTrace",
												"dependencyConditions": [
													"Succeeded"
												]
											}
										],
										"policy": {
											"timeout": "0.12:00:00",
											"retry": 0,
											"retryIntervalInSeconds": 30,
											"secureOutput": false,
											"secureInput": false
										},
										"userProperties": [],
										"linkedServiceName": {
											"referenceName": "ls_snowflake",
											"type": "LinkedServiceReference"
										},
										"typeProperties": {
											"scripts": [
												{
													"type": "Query",
													"text": {
														"value": "@concat('UPDATE ' ,\n         pipeline().parameters.ParaProcessMasterTbl,\n         ' SET DWSinkStructure = ''E'', ACTIVEFLG = ''N'' ' ,\n         'WHERE DWSinkStructure = ''N''', ' AND DATASETNAME = ','''',item().datasetname,'''')\n        \n         ",
														"type": "Expression"
													}
												}
											],
											"scriptBlockExecutionTimeout": "02:00:00"
										}
									}
								],
								"ifTrueActivities": [
									{
										"name": "AC_PL_DWRawLayerCreation",
										"description": "Child pipeline to form the DDL for required data sets from Polaris CRM",
										"type": "ExecutePipeline",
										"dependsOn": [],
										"policy": {
											"secureInput": false
										},
										"userProperties": [],
										"typeProperties": {
											"pipeline": {
												"referenceName": "PL_CH_DDL_DWRawLayerCreateStructure_STEP5",
												"type": "PipelineReference"
											},
											"waitOnCompletion": true,
											"parameters": {
												"pSqlStructure": {
													"value": "@activity('AC_QRY_PolarisDDLStructure').output.resultSets[0].rows",
													"type": "Expression"
												},
												"pSchemaName": {
													"value": "@item().schema_name",
													"type": "Expression"
												},
												"pTableName": {
													"value": "@item().table_name",
													"type": "Expression"
												}
											}
										}
									},
									{
										"name": "AC_SP_ExecuteDDL_RawLayer",
										"description": "Created the raw layer DW structure equivalent of Polaris CRM",
										"type": "Script",
										"dependsOn": [
											{
												"activity": "AC_SV_ParaTableName",
												"dependencyConditions": [
													"Succeeded"
												]
											}
										],
										"policy": {
											"timeout": "0.12:00:00",
											"retry": 0,
											"retryIntervalInSeconds": 30,
											"secureOutput": false,
											"secureInput": false
										},
										"userProperties": [],
										"linkedServiceName": {
											"referenceName": "ls_snowflake",
											"type": "LinkedServiceReference"
										},
										"typeProperties": {
											"scripts": [
												{
													"parameters": [
														{
															"name": "ParaPipeId",
															"type": "String",
															"value": {
																"value": "@pipeline().RunId",
																"type": "Expression"
															},
															"direction": "Input"
														},
														{
															"name": "ParaProg",
															"type": "String",
															"value": {
																"value": "@pipeline().Pipeline",
																"type": "Expression"
															},
															"direction": "Input"
														},
														{
															"name": "ParaScript",
															"type": "String",
															"value": {
																"value": "@activity('AC_PL_DWRawLayerCreation').output.pipelineReturnValue.Mapping_Schema_Raw\n",
																"type": "Expression"
															},
															"direction": "Input"
														},
														{
															"name": "ParaCurationScript",
															"type": "String",
															"value": {
																"value": "@activity('AC_PL_DWRawLayerCreation').output.pipelineReturnValue.Mapping_Schema_Curation\n",
																"type": "Expression"
															},
															"direction": "Input"
														},
														{
															"name": "ParaTargetEnv",
															"type": "String",
															"value": {
																"value": "@pipeline().globalParameters.vGlobalEnv",
																"type": "Expression"
															},
															"direction": "Input"
														},
														{
															"name": "ParaRawSchema",
															"type": "String",
															"value": {
																"value": "@pipeline().globalParameters.vGlobalRaw",
																"type": "Expression"
															},
															"direction": "Input"
														},
														{
															"name": "ParaMetaSchema",
															"type": "String",
															"value": {
																"value": "@pipeline().globalParameters.vGlobalMetaEngine",
																"type": "Expression"
															},
															"direction": "Input"
														},
														{
															"name": "ParaTableName",
															"type": "String",
															"value": {
																"value": "@concat(toUpper(item().schema_name),'_',toUpper(item().table_name),'_',pipeline().globalParameters.vGlobalRawDS)",
																"type": "Expression"
															},
															"direction": "Input"
														}
													],
													"type": "Query",
													"text": {
														"value": "@concat('CALL ',pipeline().globalParameters.vGlobalEnv,'_',pipeline().globalParameters.vGlobalRaw,'.udp_PolarisDW_Raw_TableCreation(',\n'''',\npipeline().RunId,\n''',',\n'''',\npipeline().Pipeline,\n''',',\n'''',\nvariables('VParaScript'),\n''',',\n'''',\nvariables('VParaCurationScript'),\n''',',\n'''',\npipeline().globalParameters.vGlobalEnv,\n''',',\n'''',\npipeline().globalParameters.vGlobalRaw,\n''',',\n'''',\npipeline().globalParameters.vGlobalMetaEngine,\n''',',\n'''',\nvariables('VParaTableName'),\n'''',\n');')\n",
														"type": "Expression"
													}
												}
											],
											"scriptBlockExecutionTimeout": "02:00:00"
										}
									},
									{
										"name": "AC_DML_UpdateDWSinkStructure",
										"description": "Update DatasetProcessMasterTbl DWSink Structure status to Y to all processed records.",
										"type": "Script",
										"dependsOn": [
											{
												"activity": "AC_SP_ExecuteDDL_RawLayer",
												"dependencyConditions": [
													"Succeeded"
												]
											}
										],
										"policy": {
											"timeout": "0.12:00:00",
											"retry": 0,
											"retryIntervalInSeconds": 30,
											"secureOutput": false,
											"secureInput": false
										},
										"userProperties": [],
										"linkedServiceName": {
											"referenceName": "ls_snowflake",
											"type": "LinkedServiceReference"
										},
										"typeProperties": {
											"scripts": [
												{
													"type": "Query",
													"text": {
														"value": "@concat('UPDATE ' ,\n         pipeline().parameters.ParaProcessMasterTbl,\n         ' SET DWSinkStructure = ''Y'' ' ,\n         'WHERE DWSinkStructure = ''N''', ' AND DATASETNAME = ','''',item().datasetname,'''')      \n    \n    ",
														"type": "Expression"
													}
												}
											],
											"scriptBlockExecutionTimeout": "02:00:00"
										}
									},
									{
										"name": "AC_PL_PolarisAuditInsert_YesDWSink",
										"description": "Capture the audit events",
										"type": "ExecutePipeline",
										"dependsOn": [
											{
												"activity": "AC_DML_UpdateDWSinkStructure",
												"dependencyConditions": [
													"Succeeded"
												]
											}
										],
										"policy": {
											"secureInput": false
										},
										"userProperties": [],
										"typeProperties": {
											"pipeline": {
												"referenceName": "PL_CH_DML_INSERT_PolarisAudit",
												"type": "PipelineReference"
											},
											"waitOnCompletion": true,
											"parameters": {
												"Para_PipelineRunId": {
													"value": "@pipeline().RunId",
													"type": "Expression"
												},
												"Para_DatasetId": {
													"value": "1",
													"type": "Expression"
												},
												"Para_ProgramUnitName": {
													"value": "@pipeline().Pipeline",
													"type": "Expression"
												},
												"Para_JobStatus": {
													"value": "Succeeded - AC_DML_UpdateDWSinkStructure",
													"type": "Expression"
												},
												"Para_ProcessedRecordCount": {
													"value": "@activity('AC_SP_ExecuteDDL_RawLayer').output.recordsAffected\n\n",
													"type": "Expression"
												},
												"Para_RejectedRecordCount": {
													"value": "NULL",
													"type": "Expression"
												},
												"Para_Comments": {
													"value": "@concat(item().datasetname, ' Raw Schema Structure Completed ')",
													"type": "Expression"
												},
												"Para_SizeOfDataRead": {
													"value": "NULL",
													"type": "Expression"
												},
												"Para_SizeOfDataWritten": {
													"value": "NULL",
													"type": "Expression"
												},
												"Para_Duration": {
													"value": "@activity('AC_DML_UpdateDWSinkStructure').Duration\n",
													"type": "Expression"
												},
												"Para_JobStage": {
													"value": "@concat(toUpper(item().schema_name),'_',toUpper(item().table_name),'_',pipeline().globalParameters.vGlobalRawDS, ' - DW STEP4 RAW Table Objects Creation')",
													"type": "Expression"
												}
											}
										}
									},
									{
										"name": "AC_SV_ParaScript",
										"type": "SetVariable",
										"dependsOn": [
											{
												"activity": "AC_PL_DWRawLayerCreation",
												"dependencyConditions": [
													"Succeeded"
												]
											}
										],
										"policy": {
											"secureOutput": false,
											"secureInput": false
										},
										"userProperties": [],
										"typeProperties": {
											"variableName": "VParaScript",
											"value": {
												"value": "@activity('AC_PL_DWRawLayerCreation').output.pipelineReturnValue.Mapping_Schema_Raw",
												"type": "Expression"
											}
										}
									},
									{
										"name": "AC_SV_ParaCurationScript",
										"type": "SetVariable",
										"dependsOn": [
											{
												"activity": "AC_SV_ParaScript",
												"dependencyConditions": [
													"Succeeded"
												]
											}
										],
										"policy": {
											"secureOutput": false,
											"secureInput": false
										},
										"userProperties": [],
										"typeProperties": {
											"variableName": "VParaCurationScript",
											"value": {
												"value": "@activity('AC_PL_DWRawLayerCreation').output.pipelineReturnValue.Mapping_Schema_Curation\n",
												"type": "Expression"
											}
										}
									},
									{
										"name": "AC_SV_ParaTableName",
										"type": "SetVariable",
										"dependsOn": [
											{
												"activity": "AC_SV_ParaCurationScript",
												"dependencyConditions": [
													"Succeeded"
												]
											}
										],
										"policy": {
											"secureOutput": false,
											"secureInput": false
										},
										"userProperties": [],
										"typeProperties": {
											"variableName": "VParaTableName",
											"value": {
												"value": "@concat(toUpper(item().schema_name),'_',toUpper(item().table_name),'_',pipeline().globalParameters.vGlobalRawDS)",
												"type": "Expression"
											}
										}
									},
									{
										"name": "AC_DML_UpdateDWSinkStructure_Failure",
										"description": "Update DatasetProcessMasterTbl DWSink Structure status to E to all processed records.",
										"type": "Script",
										"dependsOn": [
											{
												"activity": "AC_SP_ExecuteDDL_RawLayer",
												"dependencyConditions": [
													"Failed"
												]
											}
										],
										"policy": {
											"timeout": "0.12:00:00",
											"retry": 0,
											"retryIntervalInSeconds": 30,
											"secureOutput": false,
											"secureInput": false
										},
										"userProperties": [],
										"linkedServiceName": {
											"referenceName": "ls_snowflake",
											"type": "LinkedServiceReference"
										},
										"typeProperties": {
											"scripts": [
												{
													"type": "Query",
													"text": {
														"value": "@concat('UPDATE ' ,\n         pipeline().parameters.ParaProcessMasterTbl,\n         ' SET DWSinkStructure = ''E'' ' ,\n         'WHERE DWSinkStructure = ''N''', ' AND DATASETNAME = ','''',item().datasetname,'''')      \n    \n    ",
														"type": "Expression"
													}
												}
											],
											"scriptBlockExecutionTimeout": "02:00:00"
										}
									},
									{
										"name": "AC_PL_PolarisSinkStructure_ErrorTrace",
										"type": "ExecutePipeline",
										"dependsOn": [
											{
												"activity": "AC_DML_UpdateDWSinkStructure_Failure",
												"dependencyConditions": [
													"Succeeded"
												]
											}
										],
										"policy": {
											"secureInput": false
										},
										"userProperties": [],
										"typeProperties": {
											"pipeline": {
												"referenceName": "PL_CH_DML_INSERT_PolarisError",
												"type": "PipelineReference"
											},
											"waitOnCompletion": true,
											"parameters": {
												"Para_PipelineRunId": {
													"value": "@pipeline().RunId",
													"type": "Expression"
												},
												"Para_JobStage": {
													"value": "STEP4 RAW Table Objects Creation - Error AC_DML_UpdateDWSinkStructure_Failure or AC_SP_ExecuteDDL_RawLayer",
													"type": "Expression"
												},
												"Para_ErrorSeverity": {
													"value": "AC_SP_ExecuteDDL_RawLayer Fatal Error - AC_DML_UpdateDWSinkStructure_Failure",
													"type": "Expression"
												},
												"Para_ErrorProgramUnitName": {
													"value": "@pipeline().Pipeline",
													"type": "Expression"
												},
												"Para_ErrorMessage": {
													"value": "@variables('vErrorMsg')\n",
													"type": "Expression"
												}
											}
										}
									}
								]
							}
						},
						{
							"name": "AC_SV_CaptureError_FEA",
							"type": "SetVariable",
							"dependsOn": [
								{
									"activity": "AC_IF_PolarisDDLStructure",
									"dependencyConditions": [
										"Failed"
									]
								}
							],
							"policy": {
								"secureOutput": false,
								"secureInput": false
							},
							"userProperties": [],
							"typeProperties": {
								"variableName": "vErrorMsg",
								"value": {
									"value": "@concat(item(),' AC_IF_PolarisDDLStructure Failed')",
									"type": "Expression"
								}
							}
						},
						{
							"name": "AC_PL_PolarisErrorTrace",
							"type": "ExecutePipeline",
							"dependsOn": [
								{
									"activity": "AC_SV_CaptureError_FEA",
									"dependencyConditions": [
										"Succeeded"
									]
								},
								{
									"activity": "AC_SV_CaptureError",
									"dependencyConditions": [
										"Succeeded"
									]
								}
							],
							"policy": {
								"secureInput": false
							},
							"userProperties": [],
							"typeProperties": {
								"pipeline": {
									"referenceName": "PL_CH_DML_INSERT_PolarisError",
									"type": "PipelineReference"
								},
								"waitOnCompletion": true,
								"parameters": {
									"Para_PipelineRunId": {
										"value": "@pipeline().RunId",
										"type": "Expression"
									},
									"Para_JobStage": {
										"value": "DW STEP4 RAW Table Objects Creation - Error activity AC_QRY_PolarisDDLStructure or AC_IF_PolarisDDLStructure",
										"type": "Expression"
									},
									"Para_ErrorSeverity": {
										"value": "AC_AC_QRY_PolarisDDLStructure Fatal Error\n\n",
										"type": "Expression"
									},
									"Para_ErrorProgramUnitName": {
										"value": "@pipeline().Pipeline",
										"type": "Expression"
									},
									"Para_ErrorMessage": {
										"value": "@variables('vErrorMsg')\n",
										"type": "Expression"
									}
								}
							}
						}
					]
				}
			}
		],
		"parameters": {
			"ParaCRMDataSet": {
				"type": "array"
			},
			"ParaProcessMasterTbl": {
				"type": "string"
			}
		},
		"variables": {
			"vMetaSchemaProcessMstr": {
				"type": "String"
			},
			"vErrorMsg": {
				"type": "String"
			},
			"vOutputMsg": {
				"type": "String"
			},
			"VParaScript": {
				"type": "String"
			},
			"VParaCurationScript": {
				"type": "String"
			},
			"VParaTableName": {
				"type": "String"
			}
		},
		"folder": {
			"name": "PL_PolarisDW/DWMetaDataEngine"
		},
		"annotations": []
	}
}