{
	"name": "PL_CRMDataIngestionToDW_RERUN_ToEnriched",
	"properties": {
		"description": "After required adjustments made in Config file, trigger this pipeline on demand to re-run the changes.",
		"activities": [
			{
				"name": "PL_MR_DML_INSERT_ReRunDWCurationLayer_STEP8",
				"description": "Rerun CURATION",
				"type": "ExecutePipeline",
				"dependsOn": [],
				"policy": {
					"secureInput": false
				},
				"userProperties": [],
				"typeProperties": {
					"pipeline": {
						"referenceName": "PL_MR_DML_INSERT_ReRunDWCurationLayerAfterRawReRun_STEP8",
						"type": "PipelineReference"
					},
					"waitOnCompletion": true
				}
			},
			{
				"name": "AC_PL_PolarisDWEnrichedData_ReRunSTEP 10",
				"description": "Copy CRM Data (CURATION) To Enriched layer to reflect the changes and new records with active status. (SCD 2 implementation)",
				"type": "ExecutePipeline",
				"dependsOn": [
					{
						"activity": "PL_MR_DML_INSERT_ReRunDWCurationLayer_STEP8",
						"dependencyConditions": [
							"Succeeded"
						]
					}
				],
				"policy": {
					"secureInput": false
				},
				"userProperties": [],
				"typeProperties": {
					"pipeline": {
						"referenceName": "PL_MR_DML_INSERT_DWEnriched_STEP10_ReRun",
						"type": "PipelineReference"
					},
					"waitOnCompletion": true
				}
			}
		],
		"folder": {
			"name": "PL_PolarisDW/DWReRun"
		},
		"annotations": []
	}
}