{
	"name": "PL_CH_DDL_DWRawLayerCreateStructure_STEP5",
	"properties": {
		"activities": [
			{
				"name": "AC_SV_StartSchema",
				"description": "Local variable to form the schema DDL",
				"type": "SetVariable",
				"dependsOn": [],
				"policy": {
					"secureOutput": false,
					"secureInput": false
				},
				"userProperties": [],
				"typeProperties": {
					"variableName": "vSchema",
					"value": {
						"value": "@concat('CREATE OR REPLACE TABLE ',pipeline().parameters.pSchemaName,'_',pipeline().parameters.pTableName)\n\n",
						"type": "Expression"
					}
				}
			},
			{
				"name": "AC_FEA_FormDDLStructure",
				"description": "Adding all required fields from the source table",
				"type": "ForEach",
				"dependsOn": [
					{
						"activity": "AC_SV_StartSchema",
						"dependencyConditions": [
							"Succeeded"
						]
					},
					{
						"activity": "AC_SV_StartQuery",
						"dependencyConditions": [
							"Succeeded"
						]
					}
				],
				"userProperties": [],
				"typeProperties": {
					"items": {
						"value": "@pipeline().parameters.pSqlStructure\n",
						"type": "Expression"
					},
					"isSequential": true,
					"activities": [
						{
							"name": "AC_AV_CreatedDDLRawStructure",
							"description": "Add all fields along with its type, constraints to form a table structure.",
							"type": "AppendVariable",
							"dependsOn": [],
							"userProperties": [],
							"typeProperties": {
								"variableName": "vMapping_Raw",
								"value": {
									"value": "@concat(item().COLUMN_NAME,' ','VARCHAR',' ',if(equals(item().IS_NULLABLE,'NO'),'NULL','NULL'),' ',item().COLUMN_DEFAULT)\n\n        ",
									"type": "Expression"
								}
							}
						},
						{
							"name": "AC_AV_CreatedDDLCuratedStructure",
							"type": "AppendVariable",
							"dependsOn": [
								{
									"activity": "AC_AV_CreatedDDLRawStructure",
									"dependencyConditions": [
										"Succeeded"
									]
								}
							],
							"userProperties": [],
							"typeProperties": {
								"variableName": "vMapping_Curation",
								"value": {
									"value": "@concat(item().COLUMN_NAME,' ',item().DATA_TYPE,' ',if(equals(item().IS_NULLABLE,'NO'),'NOT NULL','NULL'),' ',item().COLUMN_DEFAULT)\n",
									"type": "Expression"
								}
							}
						},
						{
							"name": "AC_AV_CreatedQueryStructure",
							"type": "AppendVariable",
							"dependsOn": [
								{
									"activity": "AC_AV_CreatedDDLCuratedStructure",
									"dependencyConditions": [
										"Succeeded"
									]
								}
							],
							"userProperties": [],
							"typeProperties": {
								"variableName": "vMapping_Query",
								"value": {
									"value": "@concat(item().COLUMN_NAME)\n",
									"type": "Expression"
								}
							}
						}
					]
				}
			},
			{
				"name": "AC_SV_FinalSchema_Raw",
				"description": "Build final schema for Raw Layer",
				"type": "SetVariable",
				"dependsOn": [
					{
						"activity": "AC_FEA_FormDDLStructure",
						"dependencyConditions": [
							"Succeeded"
						]
					}
				],
				"policy": {
					"secureOutput": false,
					"secureInput": false
				},
				"userProperties": [],
				"typeProperties": {
					"variableName": "vFinalSchema_Raw",
					"value": {
						"value": "@concat(variables('vSchema'),'_',pipeline().globalParameters.vGlobalRawDS,\n' ( ',replace(replace(replace(string(variables('vMapping_Raw')),'\"',''),'[',''),']',''),');')\n\n",
						"type": "Expression"
					}
				}
			},
			{
				"name": "AC_SV_ReturnFinalSchema",
				"description": "Return the DDL script back to pipeline PL_MR_DDL_DWRawLayer to run ",
				"type": "SetVariable",
				"dependsOn": [
					{
						"activity": "AC_SV_FinalSchema_Raw",
						"dependencyConditions": [
							"Succeeded"
						]
					},
					{
						"activity": "AC_SV_FinalSchema_Curated",
						"dependencyConditions": [
							"Succeeded"
						]
					},
					{
						"activity": "AC_SV_FinalSchema_Query",
						"dependencyConditions": [
							"Succeeded"
						]
					}
				],
				"policy": {
					"secureOutput": false,
					"secureInput": false
				},
				"userProperties": [],
				"typeProperties": {
					"variableName": "pipelineReturnValue",
					"value": [
						{
							"key": "Mapping_Schema_Raw",
							"value": {
								"type": "Expression",
								"content": "@variables('vFinalSchema_Raw')"
							}
						},
						{
							"key": "Mapping_Schema_Curation",
							"value": {
								"type": "Expression",
								"content": "@variables('vFinalSchema_Curation')"
							}
						},
						{
							"key": "Mapping_Schema_Query",
							"value": {
								"type": "Expression",
								"content": "@variables('vFinalSchemaQueryMaster')"
							}
						}
					],
					"setSystemVariable": true
				}
			},
			{
				"name": "AC_SV_FinalSchema_Curated",
				"description": "Build final schema for Curation layer",
				"type": "SetVariable",
				"dependsOn": [
					{
						"activity": "AC_FEA_FormDDLStructure",
						"dependencyConditions": [
							"Succeeded"
						]
					}
				],
				"policy": {
					"secureOutput": false,
					"secureInput": false
				},
				"userProperties": [],
				"typeProperties": {
					"variableName": "vFinalSchema_Curation",
					"value": {
						"value": "@concat(variables('vSchema'),'_',pipeline().globalParameters.vGlobalCuratedDS,\n' ( ',replace(replace(replace(string(variables('vMapping_Curation')),'\"',''),'[',''),']',''),');')",
						"type": "Expression"
					}
				}
			},
			{
				"name": "AC_SV_StartQuery",
				"description": "Local variable to form the Query Statment",
				"type": "SetVariable",
				"dependsOn": [],
				"policy": {
					"secureOutput": false,
					"secureInput": false
				},
				"userProperties": [],
				"typeProperties": {
					"variableName": "vSchemaQueryMaster",
					"value": {
						"value": "SELECT ",
						"type": "Expression"
					}
				}
			},
			{
				"name": "AC_SV_FinalSchema_Query",
				"description": "Build final Query From Raw Layer",
				"type": "SetVariable",
				"dependsOn": [
					{
						"activity": "AC_FEA_FormDDLStructure",
						"dependencyConditions": [
							"Succeeded"
						]
					}
				],
				"policy": {
					"secureOutput": false,
					"secureInput": false
				},
				"userProperties": [],
				"typeProperties": {
					"variableName": "vFinalSchemaQueryMaster",
					"value": {
						"value": "@concat(variables('vSchemaQueryMaster'),\nreplace(replace(replace(string(variables('vMapping_Query')),'\"',''),'[',''),']',''),' FROM ',toUpper(pipeline().parameters.pSchemaName),'.',toUpper(pipeline().parameters.pTableName)\n)",
						"type": "Expression"
					}
				}
			}
		],
		"parameters": {
			"pSqlStructure": {
				"type": "array"
			},
			"pSchemaName": {
				"type": "string"
			},
			"pTableName": {
				"type": "string"
			}
		},
		"variables": {
			"vSchema": {
				"type": "String"
			},
			"vFinalSchema_Raw": {
				"type": "String"
			},
			"vMapping_Raw": {
				"type": "Array"
			},
			"vMapping_Curation": {
				"type": "Array"
			},
			"vFinalSchema_Curation": {
				"type": "String"
			},
			"vSchemaQueryMaster": {
				"type": "String"
			},
			"vFinalSchemaQueryMaster": {
				"type": "String"
			},
			"vMapping_Query": {
				"type": "Array"
			}
		},
		"folder": {
			"name": "PL_PolarisDW/DWMetaDataEngine"
		},
		"annotations": []
	}
}