{
	"name": "PL_MetaDataEngine_CRMDW_Init",
	"properties": {
		"description": "Orchestration pipeline to call related pipelines to complete the successful meta data engine initialisation. ",
		"activities": [
			{
				"name": "AC_PL_PolarisMetaData_STEP2",
				"description": "Move the config details to DATASETPROCESSMASTERTBL",
				"type": "ExecutePipeline",
				"dependsOn": [
					{
						"activity": "AC_PL_PolarisMetaData_STEP1",
						"dependencyConditions": [
							"Succeeded"
						]
					}
				],
				"policy": {
					"secureInput": false
				},
				"userProperties": [],
				"typeProperties": {
					"pipeline": {
						"referenceName": "PL_MR_META_POLARISDS_SHAREPOINT_DW_STEP2",
						"type": "PipelineReference"
					},
					"waitOnCompletion": true
				}
			},
			{
				"name": "AC_PL_PolarisDWRaw_STEP3",
				"description": "Create CRM structures in DW RAW",
				"type": "ExecutePipeline",
				"dependsOn": [
					{
						"activity": "AC_PL_PolarisMetaData_STEP2",
						"dependencyConditions": [
							"Succeeded"
						]
					}
				],
				"policy": {
					"secureInput": false
				},
				"userProperties": [],
				"typeProperties": {
					"pipeline": {
						"referenceName": "PL_MR_DDL_DWRawLayerCRMStructure_STEP3",
						"type": "PipelineReference"
					},
					"waitOnCompletion": true
				}
			},
			{
				"name": "AC_PL_PolarisDWRawData_STEP6",
				"description": "Mirror copy of CRM Data (RAW)",
				"type": "ExecutePipeline",
				"dependsOn": [
					{
						"activity": "AC_PL_PolarisDWRaw_STEP3",
						"dependencyConditions": [
							"Succeeded"
						]
					}
				],
				"policy": {
					"secureInput": false
				},
				"userProperties": [],
				"typeProperties": {
					"pipeline": {
						"referenceName": "PL_MR_DML_INSERT_DWRawLayer_Full_STEP6",
						"type": "PipelineReference"
					},
					"waitOnCompletion": true
				}
			},
			{
				"name": "AC_PL_PolarisMetaData_STEP1",
				"description": "Copy Config file from SharePoint to AZURE",
				"type": "ExecutePipeline",
				"dependsOn": [],
				"policy": {
					"secureInput": false
				},
				"userProperties": [],
				"typeProperties": {
					"pipeline": {
						"referenceName": "PL_MR_META_POLARISDS_SHAREPOINT_BLOB_STEP1",
						"type": "PipelineReference"
					},
					"waitOnCompletion": true
				}
			}
		],
		"folder": {
			"name": "PL_PolarisDW/DWMaidenRun"
		},
		"annotations": []
	}
}