{
	"name": "PL_MR_DML_INSERT_DWEnriched_STEP8_Orig",
	"properties": {
		"activities": [
			{
				"name": "AC_QRY_PolarisDBStructure",
				"description": "Pull configured POLARIS DW data sets for enrich process from POLARIS CRM",
				"type": "Script",
				"dependsOn": [
					{
						"activity": "AC_SV_DataSetMasterTable",
						"dependencyConditions": [
							"Succeeded"
						]
					}
				],
				"policy": {
					"timeout": "0.12:00:00",
					"retry": 0,
					"retryIntervalInSeconds": 30,
					"secureOutput": false,
					"secureInput": false
				},
				"userProperties": [],
				"linkedServiceName": {
					"referenceName": "snowflake_rinpnonprod_uat",
					"type": "LinkedServiceReference"
				},
				"typeProperties": {
					"scripts": [
						{
							"type": "Query",
							"text": {
								"value": "@concat(' SELECT distinct split_part(datasetname,''.'',1) as SCHEMA_NAME, ',' REPLACE(split_part(datasetname,''.'',2),''.'',''_'') as TABLE_NAME, ',' DATASETDESCRIPTION, DATASETPRIMARYKEY FROM ',variables('vMetaSchemaProcessMstr'),\n' WHERE DatasetType = ''SQL'' AND DWSINKSTRUCTURE = ''Y'' AND ActiveFlg = ''Y'';')\n\n\n",
								"type": "Expression"
							}
						}
					],
					"scriptBlockExecutionTimeout": "02:00:00"
				}
			},
			{
				"name": "AC_FEA_EnrichDWPolarisDataSets",
				"description": "Pull Polaris CRM Source DB structure for every configured DW data set.",
				"type": "ForEach",
				"dependsOn": [
					{
						"activity": "AC_QRY_PolarisDBStructure",
						"dependencyConditions": [
							"Succeeded"
						]
					}
				],
				"userProperties": [],
				"typeProperties": {
					"items": {
						"value": "@activity('AC_QRY_PolarisDBStructure').output.resultSets[0].rows\n",
						"type": "Expression"
					},
					"activities": [
						{
							"name": "AC_QRY_QueryToGetPrimaryKey",
							"description": "Pull configured POLARIS DW data sets Primary key details from POLARIS CRM",
							"type": "Script",
							"dependsOn": [],
							"policy": {
								"timeout": "0.12:00:00",
								"retry": 0,
								"retryIntervalInSeconds": 30,
								"secureOutput": false,
								"secureInput": false
							},
							"userProperties": [],
							"linkedServiceName": {
								"referenceName": "sql_polaris_uat",
								"type": "LinkedServiceReference"
							},
							"typeProperties": {
								"scripts": [
									{
										"parameters": [
											{
												"name": "Table",
												"type": "String",
												"value": {
													"value": "@item().TABLE_NAME",
													"type": "Expression"
												},
												"direction": "Input"
											},
											{
												"name": "Schema",
												"type": "String",
												"value": {
													"value": "@item().SCHEMA_NAME",
													"type": "Expression"
												},
												"direction": "Input"
											}
										],
										"type": "Query",
										"text": "select C.COLUMN_NAME FROM INFORMATION_SCHEMA.TABLE_CONSTRAINTS T\nJOIN INFORMATION_SCHEMA.CONSTRAINT_COLUMN_USAGE C\nON C.CONSTRAINT_NAME = T.CONSTRAINT_NAME\nWHERE C.TABLE_NAME = @Table AND C.TABLE_SCHEMA = @Schema AND T.CONSTRAINT_TYPE = 'PRIMARY KEY';"
									}
								],
								"scriptBlockExecutionTimeout": "02:00:00"
							}
						},
						{
							"name": "AC_IF_PolarisPrimaryKeyFound",
							"type": "IfCondition",
							"dependsOn": [
								{
									"activity": "AC_QRY_QueryToGetPrimaryKey",
									"dependencyConditions": [
										"Succeeded"
									]
								}
							],
							"userProperties": [],
							"typeProperties": {
								"expression": {
									"value": "@greater(activity('AC_QRY_QueryToGetPrimaryKey').output.resultSetCount,0)\n\n",
									"type": "Expression"
								},
								"ifFalseActivities": [
									{
										"name": "AC_SV_InvalidPolarisDS",
										"type": "SetVariable",
										"dependsOn": [],
										"policy": {
											"secureOutput": false,
											"secureInput": false
										},
										"userProperties": [],
										"typeProperties": {
											"variableName": "vErrorMsg",
											"value": {
												"value": "@concat(item().SCHEMA_NAME,'.',item().TABLE_NAME, ' - No Primary key found in CRM Database. Hence using the Primary key supplied in DWConfig - ',item().DATASETPRIMARYKEY)",
												"type": "Expression"
											}
										}
									},
									{
										"name": "AC_PL_PolarisInvalidDSTrace",
										"type": "ExecutePipeline",
										"dependsOn": [
											{
												"activity": "AC_SV_InvalidPolarisDS",
												"dependencyConditions": [
													"Succeeded"
												]
											}
										],
										"policy": {
											"secureInput": false
										},
										"userProperties": [],
										"typeProperties": {
											"pipeline": {
												"referenceName": "PL_CH_DML_INSERT_PolarisError",
												"type": "PipelineReference"
											},
											"waitOnCompletion": true,
											"parameters": {
												"Para_PipelineRunId": {
													"value": "@pipeline().RunId",
													"type": "Expression"
												},
												"Para_JobStage": {
													"value": "DW STEP8-AC_FEA_EnrichDWPolarisDataSets - No Primary Key found",
													"type": "Expression"
												},
												"Para_ErrorSeverity": {
													"value": "@concat(item().TABLE_NAME,' - ',' DW STEP 8 AC_IF_PolarisPrimaryKeyFound False Acitity - Fatal Error ')\n",
													"type": "Expression"
												},
												"Para_ErrorProgramUnitName": {
													"value": "@pipeline().Pipeline",
													"type": "Expression"
												},
												"Para_ErrorMessage": {
													"value": "@variables('vErrorMsg')",
													"type": "Expression"
												}
											}
										}
									},
									{
										"name": "AC_PL_MR_DML_INSERT_DWEnriched_STEP8_DWConfigPkey",
										"description": "Invoice Enriched Pipeline - Step 8 as a child from the dw config primary key",
										"type": "ExecutePipeline",
										"dependsOn": [
											{
												"activity": "AC_PL_PolarisInvalidDSTrace",
												"dependencyConditions": [
													"Succeeded"
												]
											}
										],
										"policy": {
											"secureInput": false
										},
										"userProperties": [],
										"typeProperties": {
											"pipeline": {
												"referenceName": "PL_CH_DML_INSERT_DWEnriched_STEP11_DF",
												"type": "PipelineReference"
											},
											"waitOnCompletion": true,
											"parameters": {
												"PrimaryKey": {
													"value": "@item().DATASETPRIMARYKEY",
													"type": "Expression"
												},
												"ColumnNames": {
													"value": "@item().DATASETDESCRIPTION",
													"type": "Expression"
												},
												"TableName": {
													"value": "@item().TABLE_NAME",
													"type": "Expression"
												},
												"SchemaName": {
													"value": "@item().SCHEMA_NAME",
													"type": "Expression"
												}
											}
										}
									}
								],
								"ifTrueActivities": [
									{
										"name": "AC_PL_MR_DML_INSERT_DWEnriched_STEP9",
										"description": "Invoice Enriched Pipeline - Step 9 as a child",
										"type": "ExecutePipeline",
										"dependsOn": [],
										"policy": {
											"secureInput": false
										},
										"userProperties": [],
										"typeProperties": {
											"pipeline": {
												"referenceName": "PL_CH_DML_INSERT_DWEnriched_STEP11_DF",
												"type": "PipelineReference"
											},
											"waitOnCompletion": true,
											"parameters": {
												"PrimaryKey": {
													"value": "@activity('AC_QRY_QueryToGetPrimaryKey').output.resultSets[0].rows[0].COLUMN_NAME",
													"type": "Expression"
												},
												"ColumnNames": {
													"value": "@item().DATASETDESCRIPTION",
													"type": "Expression"
												},
												"TableName": {
													"value": "@item().TABLE_NAME",
													"type": "Expression"
												},
												"SchemaName": {
													"value": "@item().SCHEMA_NAME",
													"type": "Expression"
												}
											}
										}
									},
									{
										"name": "AC_PL_PolarisErrorTrace",
										"type": "ExecutePipeline",
										"dependsOn": [
											{
												"activity": "AC_PL_MR_DML_INSERT_DWEnriched_STEP9",
												"dependencyConditions": [
													"Failed"
												]
											}
										],
										"policy": {
											"secureInput": false
										},
										"userProperties": [],
										"typeProperties": {
											"pipeline": {
												"referenceName": "PL_CH_DML_INSERT_PolarisError",
												"type": "PipelineReference"
											},
											"waitOnCompletion": true,
											"parameters": {
												"Para_PipelineRunId": {
													"value": "@pipeline().RunId",
													"type": "Expression"
												},
												"Para_JobStage": {
													"value": "AC_PL_MR_DML_INSERT_DW Enriched_STEP8 Failed",
													"type": "Expression"
												},
												"Para_ErrorSeverity": {
													"value": "AC_FEA_EnrichDWPolarisDataSets Fatal Error\n\n",
													"type": "Expression"
												},
												"Para_ErrorProgramUnitName": {
													"value": "@pipeline().Pipeline",
													"type": "Expression"
												},
												"Para_ErrorMessage": {
													"value": "@activity('AC_PL_MR_DML_INSERT_DWEnriched_STEP9').Error.message",
													"type": "Expression"
												}
											}
										}
									},
									{
										"name": "AC_PL_PolarisAuditInsert",
										"description": "Capture the audit events",
										"type": "ExecutePipeline",
										"dependsOn": [
											{
												"activity": "AC_PL_MR_DML_INSERT_DWEnriched_STEP9",
												"dependencyConditions": [
													"Succeeded"
												]
											}
										],
										"policy": {
											"secureInput": false
										},
										"userProperties": [],
										"typeProperties": {
											"pipeline": {
												"referenceName": "PL_CH_DML_INSERT_PolarisAudit",
												"type": "PipelineReference"
											},
											"waitOnCompletion": true,
											"parameters": {
												"Para_PipelineRunId": {
													"value": "@pipeline().RunId",
													"type": "Expression"
												},
												"Para_DatasetId": {
													"value": "1",
													"type": "Expression"
												},
												"Para_ProgramUnitName": {
													"value": "@pipeline().Pipeline",
													"type": "Expression"
												},
												"Para_JobStatus": {
													"value": "Completed - AC_FEA_EnrichDWPolarisDataSets",
													"type": "Expression"
												},
												"Para_ProcessedRecordCount": {
													"value": "@activity('AC_QRY_PolarisDBStructure').output.recordsAffected",
													"type": "Expression"
												},
												"Para_RejectedRecordCount": {
													"value": "0",
													"type": "Expression"
												},
												"Para_Comments": {
													"value": "AC_PL_MR_DML_INSERT_DW Enriched_STEP 8 Sucessful\n",
													"type": "Expression"
												},
												"Para_SizeOfDataRead": {
													"value": "0",
													"type": "Expression"
												},
												"Para_SizeOfDataWritten": {
													"value": "0",
													"type": "Expression"
												},
												"Para_Duration": {
													"value": "@activity('AC_PL_MR_DML_INSERT_DWEnriched_STEP9').Duration",
													"type": "Expression"
												},
												"Para_JobStage": {
													"value": "DW STEP8 Data Enrichment Completed Including History",
													"type": "Expression"
												}
											}
										}
									}
								]
							}
						}
					]
				}
			},
			{
				"name": "AC_SV_DataSetMasterTable",
				"description": "Fully qualified name assembly to refer DATASETPROCESSMASTERTBL",
				"type": "SetVariable",
				"dependsOn": [],
				"policy": {
					"secureOutput": false,
					"secureInput": false
				},
				"userProperties": [],
				"typeProperties": {
					"variableName": "vMetaSchemaProcessMstr",
					"value": {
						"value": "@concat(pipeline().globalParameters.vGlobalEnv,'_',pipeline().globalParameters.vGlobalMetaEngine,'.','DATASETPROCESSMASTERTBL')",
						"type": "Expression"
					}
				}
			}
		],
		"variables": {
			"vMetaSchemaProcessMstr": {
				"type": "String"
			},
			"vErrorMsg": {
				"type": "String"
			},
			"vOutputMsg": {
				"type": "String"
			}
		},
		"folder": {
			"name": "OriginalVer"
		},
		"annotations": []
	}
}