{
	"name": "PL_MR_DML_INSERT_DWCurationLayerMissed_STEP8",
	"properties": {
		"description": "Curated Table that were not picked in first run.",
		"activities": [
			{
				"name": "AC_LA_LookupCurationDataSet",
				"description": "Copy data into all available Curation structure",
				"type": "Lookup",
				"dependsOn": [],
				"policy": {
					"timeout": "0.12:00:00",
					"retry": 0,
					"retryIntervalInSeconds": 30,
					"secureOutput": false,
					"secureInput": false
				},
				"userProperties": [],
				"typeProperties": {
					"source": {
						"type": "SnowflakeV2Source",
						"query": {
							"value": "@concat(' SELECT TABLE_NAME FROM INFORMATION_SCHEMA.TABLES WHERE TABLE_TYPE = ''BASE TABLE'' AND TABLE_OWNER = ''POLARISUAT_SQL_TEAM'' AND TABLE_SCHEMA = ','''',pipeline().globalParameters.vGlobalEnv,'_',pipeline().globalParameters.vGlobalCurated,'''',' AND TABLE_NAME NOT IN (SELECT TABLE_NAME FROM information_schema.load_history WHERE schema_name = ','''',pipeline().globalParameters.vGlobalEnv,'_',pipeline().globalParameters.vGlobalCurated,'''',')')",
							"type": "Expression"
						},
						"exportSettings": {
							"type": "SnowflakeExportCopyCommand"
						}
					},
					"dataset": {
						"referenceName": "DS_PolarisSnowflakeDW",
						"type": "DatasetReference",
						"parameters": {
							"DWSchema": {
								"value": "NULL",
								"type": "Expression"
							},
							"DWTable": {
								"value": "NULL",
								"type": "Expression"
							}
						}
					},
					"firstRowOnly": false
				}
			},
			{
				"name": "AC_FEA_CopyRawToCuration",
				"description": "For each existing curation structure move data from Raw",
				"type": "ForEach",
				"dependsOn": [
					{
						"activity": "AC_LA_LookupCurationDataSet",
						"dependencyConditions": [
							"Succeeded"
						]
					}
				],
				"userProperties": [],
				"typeProperties": {
					"items": {
						"value": "@activity('AC_LA_LookupCurationDataSet').output.value\n",
						"type": "Expression"
					},
					"activities": [
						{
							"name": "AC_QRY_CheckRawStructureExists",
							"description": "Check this run has qualified raw structure",
							"type": "Script",
							"dependsOn": [],
							"policy": {
								"timeout": "0.12:00:00",
								"retry": 0,
								"retryIntervalInSeconds": 30,
								"secureOutput": false,
								"secureInput": false
							},
							"userProperties": [],
							"linkedServiceName": {
								"referenceName": "ls_snowflake",
								"type": "LinkedServiceReference"
							},
							"typeProperties": {
								"scripts": [
									{
										"type": "Query",
										"text": {
											"value": "@concat(' SELECT TABLE_NAME FROM INFORMATION_SCHEMA.TABLES WHERE TABLE_SCHEMA = ','''',pipeline().globalParameters.vGlobalEnv,'_',pipeline().globalParameters.vGlobalRaw,'''',' AND TABLE_NAME = ','''',replace(item().TABLE_NAME,pipeline().globalParameters.vGlobalCuratedDS,pipeline().globalParameters.vGlobalRawDS),'''')\n\n",
											"type": "Expression"
										}
									}
								],
								"scriptBlockExecutionTimeout": "02:00:00"
							}
						},
						{
							"name": "AC_IF_RawStructureExists",
							"description": "Check, before copy raw structure exists.",
							"type": "IfCondition",
							"dependsOn": [
								{
									"activity": "AC_QRY_CheckRawStructureExists",
									"dependencyConditions": [
										"Succeeded"
									]
								}
							],
							"userProperties": [],
							"typeProperties": {
								"expression": {
									"value": "@greater(activity('AC_QRY_CheckRawStructureExists').output.resultSetCount,0)\n\n",
									"type": "Expression"
								},
								"ifFalseActivities": [
									{
										"name": "AC_PL_PolarisAuditInsert_NoRawStructure",
										"description": "Capture the audit events",
										"type": "ExecutePipeline",
										"dependsOn": [],
										"policy": {
											"secureInput": false
										},
										"userProperties": [],
										"typeProperties": {
											"pipeline": {
												"referenceName": "PL_CH_DML_INSERT_PolarisAudit",
												"type": "PipelineReference"
											},
											"waitOnCompletion": true,
											"parameters": {
												"Para_PipelineRunId": {
													"value": "@pipeline().RunId",
													"type": "Expression"
												},
												"Para_DatasetId": {
													"value": "1",
													"type": "Expression"
												},
												"Para_ProgramUnitName": {
													"value": "@pipeline().Pipeline",
													"type": "Expression"
												},
												"Para_JobStatus": {
													"value": "DW STEP 8 - AC_IF_RawStructureExists - False activities",
													"type": "Expression"
												},
												"Para_ProcessedRecordCount": {
													"value": "NULL",
													"type": "Expression"
												},
												"Para_RejectedRecordCount": {
													"value": "NULL",
													"type": "Expression"
												},
												"Para_Comments": {
													"value": "@concat(item().TABLE_NAME, ' Does not Exist')",
													"type": "Expression"
												},
												"Para_SizeOfDataRead": {
													"value": "NULL",
													"type": "Expression"
												},
												"Para_SizeOfDataWritten": {
													"value": "NULL",
													"type": "Expression"
												},
												"Para_Duration": {
													"value": "@activity('AC_QRY_CheckRawStructureExists').Duration",
													"type": "Expression"
												},
												"Para_JobStage": {
													"value": "DW STEP 8 Polaris Raw layer Table object does not exist",
													"type": "Expression"
												}
											}
										}
									}
								],
								"ifTrueActivities": [
									{
										"name": "AC_PL_CopyCuration_LogError",
										"description": "Move data from Raw to Curation and Park error records.",
										"type": "ExecutePipeline",
										"dependsOn": [],
										"policy": {
											"secureInput": false
										},
										"userProperties": [],
										"typeProperties": {
											"pipeline": {
												"referenceName": "PL_CH_DML_INSERT_DWCurationLayer_STEP9",
												"type": "PipelineReference"
											},
											"waitOnCompletion": true,
											"parameters": {
												"ParaTableName": {
													"value": "@item().TABLE_NAME",
													"type": "Expression"
												}
											}
										}
									}
								]
							}
						},
						{
							"name": "AC_PL_PolarisErrorTrace",
							"type": "ExecutePipeline",
							"dependsOn": [
								{
									"activity": "AC_QRY_CheckRawStructureExists",
									"dependencyConditions": [
										"Failed"
									]
								}
							],
							"policy": {
								"secureInput": false
							},
							"userProperties": [],
							"typeProperties": {
								"pipeline": {
									"referenceName": "PL_CH_DML_INSERT_PolarisError",
									"type": "PipelineReference"
								},
								"waitOnCompletion": true,
								"parameters": {
									"Para_PipelineRunId": {
										"value": "@pipeline().RunId",
										"type": "Expression"
									},
									"Para_JobStage": {
										"value": "DW STEP8 AC_FEA_CopyRawToCuration",
										"type": "Expression"
									},
									"Para_ErrorSeverity": {
										"value": "AC_FEA_CopyRawToCuration - Critical",
										"type": "Expression"
									},
									"Para_ErrorProgramUnitName": {
										"value": "@pipeline().Pipeline",
										"type": "Expression"
									},
									"Para_ErrorMessage": {
										"value": "@activity('AC_QRY_CheckRawStructureExists').Error.message",
										"type": "Expression"
									}
								}
							}
						}
					]
				}
			},
			{
				"name": "AC_IF_NoCuration",
				"type": "IfCondition",
				"dependsOn": [
					{
						"activity": "AC_LA_LookupCurationDataSet",
						"dependencyConditions": [
							"Succeeded"
						]
					}
				],
				"userProperties": [],
				"typeProperties": {
					"expression": {
						"value": "@equals(activity('AC_LA_LookupCurationDataSet').output.count,0)\n",
						"type": "Expression"
					},
					"ifTrueActivities": [
						{
							"name": "AC_PL_NoCuratedStructure",
							"type": "ExecutePipeline",
							"dependsOn": [],
							"policy": {
								"secureInput": false
							},
							"userProperties": [],
							"typeProperties": {
								"pipeline": {
									"referenceName": "PL_CH_DML_INSERT_PolarisError",
									"type": "PipelineReference"
								},
								"waitOnCompletion": true,
								"parameters": {
									"Para_PipelineRunId": {
										"value": "@pipeline().RunId",
										"type": "Expression"
									},
									"Para_JobStage": {
										"value": "DW STEP8 AC_IF_NoCuration (TRUE)\n\n",
										"type": "Expression"
									},
									"Para_ErrorSeverity": {
										"value": "AC_IF_NoCuration - Critical",
										"type": "Expression"
									},
									"Para_ErrorProgramUnitName": {
										"value": "@pipeline().Pipeline",
										"type": "Expression"
									},
									"Para_ErrorMessage": {
										"value": "AC_LA_LookupCurationDataSet - Found no curation structure \n",
										"type": "Expression"
									}
								}
							}
						}
					]
				}
			}
		],
		"variables": {
			"vOutputMsg": {
				"type": "String"
			},
			"vrowsSkipped": {
				"type": "Integer"
			},
			"vErrorMsg": {
				"type": "String",
				"defaultValue": "PL_MR_DML_INSERT_DWCurationLayer_STEP6 - Inner Activity Failed"
			},
			"vMetaSchemaProcessMstr": {
				"type": "String"
			}
		},
		"folder": {
			"name": "PL_PolarisDW/DWCustomReRunUnDocumented"
		},
		"annotations": []
	}
}