{
	"name": "PL_MR_DML_INSERT_DWRawLayer_Full_STEP6",
	"properties": {
		"description": "Copy Data from Azure SQL DB POLARIS CRM data to Snowflake Data warehouse",
		"activities": [
			{
				"name": "AC_FEA_PullActivePolarisDataSet",
				"description": "Pull all qualified Polaris Data set for DW Build",
				"type": "ForEach",
				"dependsOn": [
					{
						"activity": "AC_LA_LookupPolarisDataSet",
						"dependencyConditions": [
							"Succeeded"
						]
					}
				],
				"userProperties": [],
				"typeProperties": {
					"items": {
						"value": "@activity('AC_LA_LookupPolarisDataSet').output.value",
						"type": "Expression"
					},
					"isSequential": true,
					"activities": [
						{
							"name": "AC_SP_udp_PolarisDW_TruncateStage",
							"description": "Call Snowflake SP to clean staging data sets before loading",
							"type": "Script",
							"dependsOn": [
								{
									"activity": "AC_SV_vTableName",
									"dependencyConditions": [
										"Succeeded"
									]
								}
							],
							"policy": {
								"timeout": "0.12:00:00",
								"retry": 0,
								"retryIntervalInSeconds": 30,
								"secureOutput": false,
								"secureInput": false
							},
							"userProperties": [],
							"linkedServiceName": {
								"referenceName": "ls_snowflake",
								"type": "LinkedServiceReference"
							},
							"typeProperties": {
								"scripts": [
									{
										"parameters": [
											{
												"name": "pRunID",
												"type": "String",
												"value": {
													"value": "@pipeline().RunId",
													"type": "Expression"
												},
												"direction": "Input"
											},
											{
												"name": "pTableName",
												"type": "String",
												"value": {
													"value": "@concat(toUpper(item().DatasetName),'_',pipeline().globalParameters.vGlobalRawDS)",
													"type": "Expression"
												},
												"direction": "Input"
											},
											{
												"name": "PPipeName",
												"type": "String",
												"value": {
													"value": "@pipeline().Pipeline",
													"type": "Expression"
												},
												"direction": "Input"
											},
											{
												"name": "pTargetEnv",
												"type": "String",
												"value": {
													"value": "@pipeline().globalParameters.vGlobalEnv",
													"type": "Expression"
												},
												"direction": "Input"
											},
											{
												"name": "pMetaSchema ",
												"type": "String",
												"value": {
													"value": "@pipeline().globalParameters.vGlobalMetaEngine",
													"type": "Expression"
												},
												"direction": "Input"
											},
											{
												"name": "pRawSchema ",
												"type": "String",
												"value": {
													"value": "@pipeline().globalParameters.vGlobalRaw",
													"type": "Expression"
												},
												"direction": "Input"
											}
										],
										"type": "Query",
										"text": {
											"value": "@concat('CALL ',pipeline().globalParameters.vGlobalDB,'.',pipeline().globalParameters.vGlobalEnv,'_',pipeline().globalParameters.vGlobalRaw,'.udp_PolarisDW_TruncateStage(',\n'''',\npipeline().RunId,\n''',',\n'''',\nvariables('vTableName'),\n''',',\n'''',\npipeline().Pipeline,\n''',',\n'''',\npipeline().globalParameters.vGlobalEnv,\n''',',\n'''',\npipeline().globalParameters.vGlobalMetaEngine,\n''',',\n'''',\npipeline().globalParameters.vGlobalRaw,\n'''',\n');')\n\n",
											"type": "Expression"
										}
									}
								],
								"scriptBlockExecutionTimeout": "02:00:00"
							}
						},
						{
							"name": "AC_SV_CaptureError",
							"type": "SetVariable",
							"dependsOn": [
								{
									"activity": "AC_CPY_MovePolarisCRMDataToDWStage",
									"dependencyConditions": [
										"Failed"
									]
								}
							],
							"policy": {
								"secureOutput": false,
								"secureInput": false
							},
							"userProperties": [],
							"typeProperties": {
								"variableName": "vErrorMsg",
								"value": {
									"value": "@activity('AC_CPY_MovePolarisCRMDataToDWStage').Error.message",
									"type": "Expression"
								}
							}
						},
						{
							"name": "AC_DML_UpdateIncorrectRecord",
							"description": "Update DatasetProcessMasterTbl active status to N for error records",
							"type": "Script",
							"dependsOn": [
								{
									"activity": "AC_SV_CaptureError",
									"dependencyConditions": [
										"Succeeded"
									]
								}
							],
							"policy": {
								"timeout": "0.12:00:00",
								"retry": 0,
								"retryIntervalInSeconds": 30,
								"secureOutput": false,
								"secureInput": false
							},
							"userProperties": [],
							"linkedServiceName": {
								"referenceName": "ls_snowflake",
								"type": "LinkedServiceReference"
							},
							"typeProperties": {
								"scripts": [
									{
										"type": "NonQuery",
										"text": {
											"value": "@concat(' UPDATE ',variables('vMetaSchemaProcessMstr'),\n' SET ACTIVEFLG = ''E'' , DATASETDESCRIPTION = ',''' Incorrect DataSet Qualifier ''',', PreviousRunStatus = ''FAILURE'' ',\n' WHERE DATASETNAME = ','''',variables('vOrigDataSet'),''';')\n\n\n\n",
											"type": "Expression"
										}
									}
								],
								"scriptBlockExecutionTimeout": "02:00:00"
							}
						},
						{
							"name": "AC_SV_OrigDataSet",
							"type": "SetVariable",
							"dependsOn": [
								{
									"activity": "AC_SP_udp_PolarisDW_TruncateStage",
									"dependencyConditions": [
										"Succeeded"
									]
								}
							],
							"policy": {
								"secureOutput": false,
								"secureInput": false
							},
							"userProperties": [],
							"typeProperties": {
								"variableName": "vOrigDataSet",
								"value": {
									"value": "@item().OrigDataSet",
									"type": "Expression"
								}
							}
						},
						{
							"name": "AC_PL_PolarisErrorTrace",
							"type": "ExecutePipeline",
							"dependsOn": [
								{
									"activity": "AC_DML_UpdateIncorrectRecord",
									"dependencyConditions": [
										"Succeeded"
									]
								}
							],
							"policy": {
								"secureInput": false
							},
							"userProperties": [],
							"typeProperties": {
								"pipeline": {
									"referenceName": "PL_CH_DML_INSERT_PolarisError",
									"type": "PipelineReference"
								},
								"waitOnCompletion": true,
								"parameters": {
									"Para_PipelineRunId": {
										"value": "@pipeline().RunId",
										"type": "Expression"
									},
									"Para_JobStage": {
										"value": "DW STEP6 Copy Polaris Data to Raw Structure",
										"type": "Expression"
									},
									"Para_ErrorSeverity": {
										"value": "AC_DF_MovePolarisCRMDataToDWStage Fatal Error",
										"type": "Expression"
									},
									"Para_ErrorProgramUnitName": {
										"value": "@pipeline().Pipeline",
										"type": "Expression"
									},
									"Para_ErrorMessage": {
										"value": "@variables('vErrorMsg')",
										"type": "Expression"
									}
								}
							}
						},
						{
							"name": "AC_DML_UpdateRefreshTimeStamp",
							"description": "Update DatasetProcessMasterTbl Last Refresh Timestamp",
							"type": "Script",
							"dependsOn": [
								{
									"activity": "AC_SV_TimeStamp",
									"dependencyConditions": [
										"Succeeded"
									]
								}
							],
							"policy": {
								"timeout": "0.12:00:00",
								"retry": 0,
								"retryIntervalInSeconds": 30,
								"secureOutput": false,
								"secureInput": false
							},
							"userProperties": [],
							"linkedServiceName": {
								"referenceName": "ls_snowflake",
								"type": "LinkedServiceReference"
							},
							"typeProperties": {
								"scripts": [
									{
										"type": "NonQuery",
										"text": {
											"value": "@concat(' UPDATE ',variables('vMetaSchemaProcessMstr'),\n' SET LastRefreshTimeStamp = ','''',variables('vTimeStamp'),'''',', PreviousRunStatus = ''SUCCESS'' ',\n' WHERE DATASETNAME = ','''',variables('vOrigDataSet'),''';')\n",
											"type": "Expression"
										}
									}
								],
								"scriptBlockExecutionTimeout": "02:00:00"
							}
						},
						{
							"name": "AC_SV_TimeStamp",
							"type": "SetVariable",
							"dependsOn": [
								{
									"activity": "AC_PL_PolarisAuditInsert_Step5",
									"dependencyConditions": [
										"Succeeded"
									]
								}
							],
							"policy": {
								"secureOutput": false,
								"secureInput": false
							},
							"userProperties": [],
							"typeProperties": {
								"variableName": "vTimeStamp",
								"value": {
									"value": "@utcNow('yyyy-MM-ddTHH:mm:ss')",
									"type": "Expression"
								}
							}
						},
						{
							"name": "AC_CPY_MovePolarisCRMDataToDWStage",
							"description": "Copy qualified data sets from Polaris AZure DB to Snowflake DW staging Schema.",
							"type": "Copy",
							"dependsOn": [
								{
									"activity": "AC_SP_udp_PolarisDW_TruncateStage",
									"dependencyConditions": [
										"Succeeded"
									]
								}
							],
							"policy": {
								"timeout": "0.12:00:00",
								"retry": 0,
								"retryIntervalInSeconds": 30,
								"secureOutput": false,
								"secureInput": false
							},
							"userProperties": [],
							"typeProperties": {
								"source": {
									"type": "AzureSqlSource",
									"sqlReaderQuery": {
										"value": "@item().DataSetQuery",
										"type": "Expression"
									},
									"queryTimeout": "02:00:00",
									"partitionOption": "None"
								},
								"sink": {
									"type": "SnowflakeV2Sink",
									"importSettings": {
										"type": "SnowflakeImportCopyCommand"
									}
								},
								"enableStaging": true,
								"stagingSettings": {
									"linkedServiceName": {
										"referenceName": "ls_storage_sas",
										"type": "LinkedServiceReference"
									},
									"path": {
										"value": "@concat('snowflakestaging/',pipeline().globalParameters.vGlobalEnv,'_',pipeline().globalParameters.vGlobalDWStagePath,'_RAW_',\nformatDateTime(utcnow(),'yyyy-MM-dd'),'/',toUpper(item().DatasetName),'/')\n\n",
										"type": "Expression"
									}
								}
							},
							"inputs": [
								{
									"referenceName": "DS_PolarisAzureSQLDB",
									"type": "DatasetReference"
								}
							],
							"outputs": [
								{
									"referenceName": "DS_PolarisSnowflakeDW",
									"type": "DatasetReference",
									"parameters": {
										"DWSchema": {
											"value": "@concat(pipeline().globalParameters.vGlobalEnv,'_',pipeline().globalParameters.vGlobalRaw)",
											"type": "Expression"
										},
										"DWTable": {
											"value": "@concat(toUpper(item().DatasetName),'_',pipeline().globalParameters.vGlobalRawDS)",
											"type": "Expression"
										}
									}
								}
							]
						},
						{
							"name": "AC_SV_vTableName",
							"type": "SetVariable",
							"dependsOn": [],
							"policy": {
								"secureOutput": false,
								"secureInput": false
							},
							"userProperties": [],
							"typeProperties": {
								"variableName": "vTableName",
								"value": {
									"value": "@concat(toUpper(item().DatasetName),'_',pipeline().globalParameters.vGlobalRawDS)",
									"type": "Expression"
								}
							}
						},
						{
							"name": "AC_PL_PolarisAuditInsert_Step5",
							"description": "Capture the audit events",
							"type": "ExecutePipeline",
							"dependsOn": [
								{
									"activity": "AC_CPY_MovePolarisCRMDataToDWStage",
									"dependencyConditions": [
										"Succeeded"
									]
								}
							],
							"policy": {
								"secureInput": false
							},
							"userProperties": [],
							"typeProperties": {
								"pipeline": {
									"referenceName": "PL_CH_DML_INSERT_PolarisAudit",
									"type": "PipelineReference"
								},
								"waitOnCompletion": true,
								"parameters": {
									"Para_PipelineRunId": {
										"value": "@pipeline().RunId",
										"type": "Expression"
									},
									"Para_DatasetId": {
										"value": "1",
										"type": "Expression"
									},
									"Para_ProgramUnitName": {
										"value": "@pipeline().Pipeline",
										"type": "Expression"
									},
									"Para_JobStatus": {
										"value": "@concat(activity('AC_CPY_MovePolarisCRMDataToDWStage').output.executionDetails[0].Status,' - AC_CPY_MovePolarisCRMDataToDWStage')",
										"type": "Expression"
									},
									"Para_ProcessedRecordCount": {
										"value": "@activity('AC_CPY_MovePolarisCRMDataToDWStage').output.rowsCopied",
										"type": "Expression"
									},
									"Para_RejectedRecordCount": {
										"value": "@activity('AC_CPY_MovePolarisCRMDataToDWStage').output.rowsSkipped",
										"type": "Expression"
									},
									"Para_Comments": {
										"value": "@concat('Source Table ',item().DatasetName,'  total billable copy duration ',activity('AC_CPY_MovePolarisCRMDataToDWStage').output.billingReference.totalBillableDuration[0].duration)",
										"type": "Expression"
									},
									"Para_SizeOfDataRead": {
										"value": "@activity('AC_CPY_MovePolarisCRMDataToDWStage').output.dataRead",
										"type": "Expression"
									},
									"Para_SizeOfDataWritten": {
										"value": "@activity('AC_CPY_MovePolarisCRMDataToDWStage').output.dataWritten",
										"type": "Expression"
									},
									"Para_Duration": {
										"value": "@activity('AC_CPY_MovePolarisCRMDataToDWStage').output.copyDuration",
										"type": "Expression"
									},
									"Para_JobStage": {
										"value": "DW STEP6 Copy Polaris Data to Raw Structure",
										"type": "Expression"
									}
								}
							}
						}
					]
				}
			},
			{
				"name": "AC_LA_LookupPolarisDataSet",
				"description": "Read PolarisDW_Meta_TblDatasetProcessMaster ",
				"type": "Lookup",
				"dependsOn": [
					{
						"activity": "AC_SV_DataSetMasterTable",
						"dependencyConditions": [
							"Succeeded"
						]
					}
				],
				"policy": {
					"timeout": "0.12:00:00",
					"retry": 0,
					"retryIntervalInSeconds": 30,
					"secureOutput": false,
					"secureInput": false
				},
				"userProperties": [],
				"typeProperties": {
					"source": {
						"type": "SnowflakeV2Source",
						"query": {
							"value": "@concat('SELECT DISTINCT REPLACE(DataSetName,''.'',''_'') as DataSetName,',' DataSetQuery, DataSetName as OrigDataSet FROM ',\nvariables('vMetaSchemaProcessMstr'),\n' WHERE DatasetType = ''SQL'' AND DWSINKSTRUCTURE = ''Y'' AND ActiveFlg = ''Y'' AND PREVIOUSRUNSTATUS IS NULL;')",
							"type": "Expression"
						},
						"exportSettings": {
							"type": "SnowflakeExportCopyCommand"
						}
					},
					"dataset": {
						"referenceName": "DS_PolarisSnowflakeDW",
						"type": "DatasetReference",
						"parameters": {
							"DWSchema": "NULL",
							"DWTable": "NULL"
						}
					},
					"firstRowOnly": false
				}
			},
			{
				"name": "AC_SV_DataSetMasterTable",
				"description": "Fully qualified name assembly to refer DATASETPROCESSMASTERTBL",
				"type": "SetVariable",
				"dependsOn": [],
				"policy": {
					"secureOutput": false,
					"secureInput": false
				},
				"userProperties": [],
				"typeProperties": {
					"variableName": "vMetaSchemaProcessMstr",
					"value": {
						"value": "@concat(pipeline().globalParameters.vGlobalEnv,'_',pipeline().globalParameters.vGlobalMetaEngine,'.','DATASETPROCESSMASTERTBL')",
						"type": "Expression"
					}
				}
			}
		],
		"variables": {
			"vJobDuration": {
				"type": "String"
			},
			"DataSetPosition": {
				"type": "Array"
			},
			"trysplit": {
				"type": "Array"
			},
			"sourcetable": {
				"type": "String"
			},
			"vMetaSchemaProcessMstr": {
				"type": "String"
			},
			"vErrorMsg": {
				"type": "String"
			},
			"vOrigDataSet": {
				"type": "String"
			},
			"vCopyLogFolder": {
				"type": "String",
				"defaultValue": "CRMDataLog"
			},
			"vTimeStamp": {
				"type": "String"
			},
			"vTableName": {
				"type": "String"
			}
		},
		"folder": {
			"name": "PL_PolarisDW/DWRawLayer"
		},
		"annotations": []
	}
}