{
	"name": "PL_MR_DML_INSERT_ReRunDWCurationLayerAfterRawReRun_STEP8",
	"properties": {
		"activities": [
			{
				"name": "AC_LA_LookupCurationDataSetToReRun",
				"description": "Look for qualified meta data engine rows for curation re-run based on success of raw re-run ",
				"type": "Lookup",
				"dependsOn": [
					{
						"activity": "AC_SV_DataSetMasterTable",
						"dependencyConditions": [
							"Succeeded"
						]
					}
				],
				"policy": {
					"timeout": "0.12:00:00",
					"retry": 0,
					"retryIntervalInSeconds": 30,
					"secureOutput": false,
					"secureInput": false
				},
				"userProperties": [],
				"typeProperties": {
					"source": {
						"type": "SnowflakeV2Source",
						"query": {
							"value": "@concat('SELECT DISTINCT REPLACE(DataSetName,''.'',''_'') as DataSetName,',' DataSetQuery, DataSetName as OrigDataSet FROM ',\nvariables('vMetaSchemaProcessMstr'),\n' WHERE DatasetType = ''SQL'' AND DWSINKSTRUCTURE = ''Y'' AND ActiveFlg = ''Y'' AND RERUN = ''C'' AND PREVIOUSRUNSTATUS = ''SUCCESS'';')",
							"type": "Expression"
						},
						"exportSettings": {
							"type": "SnowflakeExportCopyCommand"
						}
					},
					"dataset": {
						"referenceName": "DS_PolarisSnowflakeDW",
						"type": "DatasetReference",
						"parameters": {
							"DWSchema": {
								"value": "NULL",
								"type": "Expression"
							},
							"DWTable": {
								"value": "NULL",
								"type": "Expression"
							}
						}
					},
					"firstRowOnly": false
				}
			},
			{
				"name": "AC_FEA_CopyRawToCuration",
				"description": "For each existing curation structure move data from Raw",
				"type": "ForEach",
				"dependsOn": [
					{
						"activity": "AC_LA_LookupCurationDataSetToReRun",
						"dependencyConditions": [
							"Succeeded"
						]
					}
				],
				"userProperties": [],
				"typeProperties": {
					"items": {
						"value": "@activity('AC_LA_LookupCurationDataSetToReRun').output.value\n\n",
						"type": "Expression"
					},
					"isSequential": true,
					"activities": [
						{
							"name": "AC_PL_PolarisErrorTrace",
							"type": "ExecutePipeline",
							"dependsOn": [
								{
									"activity": "AC_PL_ReRunCuration_LogError",
									"dependencyConditions": [
										"Failed"
									]
								}
							],
							"policy": {
								"secureInput": false
							},
							"userProperties": [],
							"typeProperties": {
								"pipeline": {
									"referenceName": "PL_CH_DML_INSERT_PolarisError",
									"type": "PipelineReference"
								},
								"waitOnCompletion": true,
								"parameters": {
									"Para_PipelineRunId": {
										"value": "@pipeline().RunId",
										"type": "Expression"
									},
									"Para_JobStage": {
										"value": "DW STEP8 AC_FEA_CopyRawToCuration (Rerun)",
										"type": "Expression"
									},
									"Para_ErrorSeverity": {
										"value": "AC_FEA_CopyRawToCuration - Critical (Rerun)",
										"type": "Expression"
									},
									"Para_ErrorProgramUnitName": {
										"value": "@pipeline().Pipeline",
										"type": "Expression"
									},
									"Para_ErrorMessage": {
										"value": "@activity('AC_PL_ReRunCuration_LogError').Error.message\n\n",
										"type": "Expression"
									}
								}
							}
						},
						{
							"name": "AC_PL_ReRunCuration_LogError",
							"description": "Move data from Raw Rerun to Curation and Park error records.",
							"type": "ExecutePipeline",
							"dependsOn": [],
							"policy": {
								"secureInput": false
							},
							"userProperties": [],
							"typeProperties": {
								"pipeline": {
									"referenceName": "PL_CH_DML_INSERT_DWCurationLayer_STEP9",
									"type": "PipelineReference"
								},
								"waitOnCompletion": true,
								"parameters": {
									"ParaTableName": {
										"value": "@concat(toUpper(item().DATASETNAME),'_',pipeline().globalParameters.vGlobalCuratedDS)",
										"type": "Expression"
									}
								}
							}
						},
						{
							"name": "AC_DML_UpdateReRun",
							"description": "Update DatasetProcessMasterTbl Rerun Status to Complete",
							"type": "Script",
							"dependsOn": [
								{
									"activity": "AC_PL_ReRunCuration_LogError",
									"dependencyConditions": [
										"Succeeded"
									]
								}
							],
							"policy": {
								"timeout": "0.12:00:00",
								"retry": 0,
								"retryIntervalInSeconds": 30,
								"secureOutput": false,
								"secureInput": false
							},
							"userProperties": [],
							"linkedServiceName": {
								"referenceName": "ls_snowflake",
								"type": "LinkedServiceReference"
							},
							"typeProperties": {
								"scripts": [
									{
										"type": "NonQuery",
										"text": {
											"value": "@concat(' UPDATE ',variables('vMetaSchemaProcessMstr'),\n' SET RERUN = ''CC'' ',\n' WHERE DATASETNAME = ','''',item().OrigDataSet,''';')\n\n\n",
											"type": "Expression"
										}
									}
								],
								"scriptBlockExecutionTimeout": "02:00:00"
							}
						}
					]
				}
			},
			{
				"name": "AC_IF_NoRecordsToReRun",
				"type": "IfCondition",
				"dependsOn": [
					{
						"activity": "AC_LA_LookupCurationDataSetToReRun",
						"dependencyConditions": [
							"Succeeded"
						]
					}
				],
				"userProperties": [],
				"typeProperties": {
					"expression": {
						"value": "@equals(activity('AC_LA_LookupCurationDataSetToReRun').output.count,0)\n\n",
						"type": "Expression"
					},
					"ifTrueActivities": [
						{
							"name": "AC_PL_NoCuratedStructure",
							"type": "ExecutePipeline",
							"dependsOn": [],
							"policy": {
								"secureInput": false
							},
							"userProperties": [],
							"typeProperties": {
								"pipeline": {
									"referenceName": "PL_CH_DML_INSERT_PolarisError",
									"type": "PipelineReference"
								},
								"waitOnCompletion": true,
								"parameters": {
									"Para_PipelineRunId": {
										"value": "@pipeline().RunId",
										"type": "Expression"
									},
									"Para_JobStage": {
										"value": "DW STEP8 AC_IF_NoRecordsToReRun (TRUE)\n\n",
										"type": "Expression"
									},
									"Para_ErrorSeverity": {
										"value": "AC_IF_Norecord available for rerun from Curation - Critical",
										"type": "Expression"
									},
									"Para_ErrorProgramUnitName": {
										"value": "@pipeline().Pipeline",
										"type": "Expression"
									},
									"Para_ErrorMessage": {
										"value": "AC_LA_LookupCurationDataSetToReRun - Found no curation re-run entries\n\n\n",
										"type": "Expression"
									}
								}
							}
						}
					]
				}
			},
			{
				"name": "AC_SV_DataSetMasterTable",
				"description": "Fully qualified name assembly to refer DATASETPROCESSMASTERTBL",
				"type": "SetVariable",
				"dependsOn": [],
				"policy": {
					"secureOutput": false,
					"secureInput": false
				},
				"userProperties": [],
				"typeProperties": {
					"variableName": "vMetaSchemaProcessMstr",
					"value": {
						"value": "@concat(pipeline().globalParameters.vGlobalEnv,'_',pipeline().globalParameters.vGlobalMetaEngine,'.','DATASETPROCESSMASTERTBL')",
						"type": "Expression"
					}
				}
			}
		],
		"variables": {
			"vOutputMsg": {
				"type": "String"
			},
			"vrowsSkipped": {
				"type": "Integer"
			},
			"vErrorMsg": {
				"type": "String",
				"defaultValue": "PL_MR_DML_INSERT_DWCurationLayer_STEP6 - Inner Activity Failed"
			},
			"vMetaSchemaProcessMstr": {
				"type": "String"
			}
		},
		"folder": {
			"name": "PL_PolarisDW/DWReRunEngine"
		},
		"annotations": []
	}
}