{
	"name": "PL_MR_META_POLARISDS_SHAREPOINT_STEP2_Orig",
	"properties": {
		"description": "Copy Data from Azure SQL DB POLARIS CRM data to Snowflake Data warehouse",
		"activities": [
			{
				"name": "AC_FEA_PullActivePolarisDataSet",
				"description": "Pull all qualified Polaris Data set for DW Build",
				"type": "ForEach",
				"dependsOn": [
					{
						"activity": "AC_FILT_ActiveCRMRecords",
						"dependencyConditions": [
							"Succeeded"
						]
					}
				],
				"userProperties": [],
				"typeProperties": {
					"items": {
						"value": "@activity('AC_FILT_ActiveCRMRecords').output.value\n\n",
						"type": "Expression"
					},
					"isSequential": true,
					"activities": [
						{
							"name": "AC_SP_udp_PolarisDW_SourceCRM_Insert",
							"description": "SP to create records - DATASETPROCESSMASTERTBL",
							"type": "Script",
							"dependsOn": [],
							"policy": {
								"timeout": "0.12:00:00",
								"retry": 0,
								"retryIntervalInSeconds": 30,
								"secureOutput": false,
								"secureInput": false
							},
							"userProperties": [],
							"linkedServiceName": {
								"referenceName": "snowflake_rinpnonprod_uat",
								"type": "LinkedServiceReference"
							},
							"typeProperties": {
								"scripts": [
									{
										"parameters": [
											{
												"name": "Para_PolarisTableField",
												"type": "String",
												"value": {
													"value": "@item()['Polaris Full Location']",
													"type": "Expression"
												},
												"direction": "Input"
											},
											{
												"name": "Para_FrequencyId",
												"type": "Int32",
												"value": {
													"value": "@item().FREQUENCYID",
													"type": "Expression"
												},
												"direction": "Input"
											},
											{
												"name": "Para_LoadTypeId",
												"type": "Int32",
												"value": {
													"value": "@item().LOADTYPEID",
													"type": "Expression"
												},
												"direction": "Input"
											},
											{
												"name": "Para_Active",
												"type": "String",
												"value": {
													"value": "@item().Active",
													"type": "Expression"
												},
												"direction": "Input"
											},
											{
												"name": "Para_UpdatedOn",
												"type": "String",
												"value": {
													"value": "@item().Updated",
													"type": "Expression"
												},
												"direction": "Input"
											},
											{
												"name": "Para_UpdatedBy",
												"type": "String",
												"value": {
													"value": "@item()['Updated By']",
													"type": "Expression"
												},
												"direction": "Input"
											},
											{
												"name": "Para_Notes",
												"type": "String",
												"value": {
													"value": "@item()['Reason for Change']",
													"type": "Expression"
												},
												"direction": "Input"
											},
											{
												"name": "Para_PipelineRunId",
												"type": "String",
												"value": {
													"value": "@pipeline().RunId",
													"type": "Expression"
												},
												"direction": "Input"
											},
											{
												"name": "Para_ProgramUnitName",
												"type": "String",
												"value": {
													"value": "@pipeline().Pipeline",
													"type": "Expression"
												},
												"direction": "Input"
											},
											{
												"name": "Para_JobStage",
												"type": "String",
												"value": {
													"value": "@pipeline().globalParameters.vGlobalMetaDS",
													"type": "Expression"
												},
												"direction": "Input"
											},
											{
												"name": "ParaTargetEnv",
												"type": "String",
												"value": {
													"value": "@pipeline().globalParameters.vGlobalEnv",
													"type": "Expression"
												},
												"direction": "Input"
											},
											{
												"name": "ParaMetaSchema",
												"type": "String",
												"value": {
													"value": "@pipeline().globalParameters.vGlobalMetaEngine",
													"type": "Expression"
												},
												"direction": "Input"
											},
											{
												"name": "ParaPrimaryKey",
												"type": "String",
												"value": {
													"value": "@item()['Primary Key']",
													"type": "Expression"
												},
												"direction": "Input"
											},
											{
												"name": "ParaKeepHistory",
												"type": "String",
												"value": {
													"value": "@item()['Keep History']",
													"type": "Expression"
												},
												"direction": "Input"
											}
										],
										"type": "Query",
										"text": {
											"value": "@concat('CALL ',pipeline().globalParameters.vGlobalEnv,'_',pipeline().globalParameters.vGlobalMetaEngine,'.udp_PolarisDW_SourceCRM_Insert(?,?,?,?,?,?,?,?,?,?,?,?,?,?);')",
											"type": "Expression"
										}
									}
								],
								"scriptBlockExecutionTimeout": "02:00:00"
							}
						},
						{
							"name": "AC_PL_PolarisErrorTrace",
							"type": "ExecutePipeline",
							"dependsOn": [
								{
									"activity": "AC_SP_udp_PolarisDW_SourceCRM_Insert",
									"dependencyConditions": [
										"Failed"
									]
								}
							],
							"policy": {
								"secureInput": false
							},
							"userProperties": [],
							"typeProperties": {
								"pipeline": {
									"referenceName": "PL_CH_DML_INSERT_PolarisError",
									"type": "PipelineReference"
								},
								"waitOnCompletion": true,
								"parameters": {
									"Para_PipelineRunId": {
										"value": "@pipeline().RunId",
										"type": "Expression"
									},
									"Para_JobStage": {
										"value": "DW STEP2 READ DWCONFIG FROM SHAREPOINT",
										"type": "Expression"
									},
									"Para_ErrorSeverity": {
										"value": "AC_SP_udp_PolarisDW_SourceCRM_Insert - Critical",
										"type": "Expression"
									},
									"Para_ErrorProgramUnitName": {
										"value": "@pipeline().Pipeline",
										"type": "Expression"
									},
									"Para_ErrorMessage": {
										"value": "@activity('AC_SP_udp_PolarisDW_SourceCRM_Insert').Error.message\n",
										"type": "Expression"
									}
								}
							}
						},
						{
							"name": "AC_PL_PolarisAuditInsert",
							"description": "Capture the audit events",
							"type": "ExecutePipeline",
							"dependsOn": [
								{
									"activity": "AC_SP_udp_PolarisDW_SourceCRM_Insert",
									"dependencyConditions": [
										"Succeeded"
									]
								}
							],
							"policy": {
								"secureInput": false
							},
							"userProperties": [],
							"typeProperties": {
								"pipeline": {
									"referenceName": "PL_CH_DML_INSERT_PolarisAudit",
									"type": "PipelineReference"
								},
								"waitOnCompletion": true,
								"parameters": {
									"Para_PipelineRunId": {
										"value": "@pipeline().RunId",
										"type": "Expression"
									},
									"Para_DatasetId": {
										"value": "1",
										"type": "Expression"
									},
									"Para_ProgramUnitName": {
										"value": "@pipeline().Pipeline",
										"type": "Expression"
									},
									"Para_JobStatus": {
										"value": "@concat(item()['Polaris Full Location'], ' - Polaris Data Set Configuration Successful -', ' AC_FEA_PullActivePolarisDataSet ')",
										"type": "Expression"
									},
									"Para_ProcessedRecordCount": {
										"value": "1",
										"type": "Expression"
									},
									"Para_RejectedRecordCount": {
										"value": "0",
										"type": "Expression"
									},
									"Para_Comments": {
										"value": "@concat(' Polaris Data Sets Configured Successfully - DatasetProcessMasterTbl Refreshed..Total Records Read ',string(activity('AC_LA_LookupSharepointConfigFile').output.count))",
										"type": "Expression"
									},
									"Para_SizeOfDataRead": {
										"value": "0",
										"type": "Expression"
									},
									"Para_SizeOfDataWritten": {
										"value": "0",
										"type": "Expression"
									},
									"Para_Duration": {
										"value": "@activity('AC_SP_udp_PolarisDW_SourceCRM_Insert').Duration",
										"type": "Expression"
									},
									"Para_JobStage": {
										"value": "DW STEP2 READ DWCONFIG FROM SHAREPOINT",
										"type": "Expression"
									}
								}
							}
						}
					]
				}
			},
			{
				"name": "AC_LA_LookupSharepointConfigFile",
				"description": "Read PolarisActiveColumnsforBI.xlsx ",
				"type": "Lookup",
				"dependsOn": [],
				"policy": {
					"timeout": "0.12:00:00",
					"retry": 0,
					"retryIntervalInSeconds": 30,
					"secureOutput": false,
					"secureInput": false
				},
				"userProperties": [],
				"typeProperties": {
					"source": {
						"type": "ExcelSource",
						"storeSettings": {
							"type": "AzureBlobStorageReadSettings",
							"recursive": false,
							"enablePartitionDiscovery": false
						}
					},
					"dataset": {
						"referenceName": "DS_PolarisBlobConfigExcelDW",
						"type": "DatasetReference"
					},
					"firstRowOnly": false
				}
			},
			{
				"name": "AC_FILT_ActiveCRMRecords",
				"description": "Pull only Active CRM Records",
				"type": "Filter",
				"dependsOn": [
					{
						"activity": "AC_LA_LookupSharepointConfigFile",
						"dependencyConditions": [
							"Succeeded"
						]
					}
				],
				"userProperties": [],
				"typeProperties": {
					"items": {
						"value": "@activity('AC_LA_LookupSharepointConfigFile').output.value",
						"type": "Expression"
					},
					"condition": {
						"value": "@equals(item().Active,'Y')",
						"type": "Expression"
					}
				}
			},
			{
				"name": "AC_IF_NoActiveRecords",
				"type": "IfCondition",
				"dependsOn": [
					{
						"activity": "AC_FILT_ActiveCRMRecords",
						"dependencyConditions": [
							"Succeeded"
						]
					}
				],
				"userProperties": [],
				"typeProperties": {
					"expression": {
						"value": "@equals(activity('AC_FILT_ActiveCRMRecords').output.FilteredItemsCount,0)\n",
						"type": "Expression"
					},
					"ifTrueActivities": [
						{
							"name": "AC_PL_NoActiveCRMToPull",
							"type": "ExecutePipeline",
							"dependsOn": [],
							"policy": {
								"secureInput": false
							},
							"userProperties": [],
							"typeProperties": {
								"pipeline": {
									"referenceName": "PL_CH_DML_INSERT_PolarisError",
									"type": "PipelineReference"
								},
								"waitOnCompletion": true,
								"parameters": {
									"Para_PipelineRunId": {
										"value": "@pipeline().RunId",
										"type": "Expression"
									},
									"Para_JobStage": {
										"value": "DW STEP2 READ DWCONFIG FROM SHAREPOINT",
										"type": "Expression"
									},
									"Para_ErrorSeverity": {
										"value": "AC_IF_NoActiveRecords - True - Warning",
										"type": "Expression"
									},
									"Para_ErrorProgramUnitName": {
										"value": "@pipeline().Pipeline",
										"type": "Expression"
									},
									"Para_ErrorMessage": {
										"value": "AC_FILT_ActiveCRMRecords - No Active CRM DataSets To Pull, Pls Check DWConfig File.\n",
										"type": "Expression"
									}
								}
							}
						}
					]
				}
			}
		],
		"folder": {
			"name": "OriginalVer"
		},
		"annotations": []
	}
}