{
	"name": "PL_MR_META_POLARISDS_SHAREPOINT_ReRunCleanUp_STEP2a_copy1",
	"properties": {
		"description": "Copy Data from Azure SQL DB POLARIS CRM data to Snowflake Data warehouse",
		"activities": [
			{
				"name": "AC_FEA_PullActivePolarisDataSet",
				"description": "Pull all qualified Polaris Data set for DW Build",
				"type": "ForEach",
				"dependsOn": [
					{
						"activity": "AC_FILT_ActiveCRMReRunRecords",
						"dependencyConditions": [
							"Succeeded"
						]
					}
				],
				"userProperties": [],
				"typeProperties": {
					"items": {
						"value": "@activity('AC_FILT_ActiveCRMReRunRecords').output.value\n\n",
						"type": "Expression"
					},
					"isSequential": true,
					"activities": [
						{
							"name": "AC_SV_DataSetID_Prev",
							"type": "SetVariable",
							"dependsOn": [
								{
									"activity": "AC_SV_OrigDataSetValue",
									"dependencyConditions": [
										"Succeeded"
									]
								}
							],
							"policy": {
								"secureOutput": false,
								"secureInput": false
							},
							"userProperties": [],
							"typeProperties": {
								"variableName": "vPrev",
								"value": {
									"value": "@variables('vOrigDataSet')",
									"type": "Expression"
								}
							}
						},
						{
							"name": "If Condition1",
							"type": "IfCondition",
							"dependsOn": [
								{
									"activity": "AC_SV_DataSetID_Prev",
									"dependencyConditions": [
										"Succeeded"
									]
								}
							],
							"userProperties": [],
							"typeProperties": {
								"expression": {
									"value": "@equals(variables('vPrev'),variables('vOrigDataSet'))\n\n",
									"type": "Expression"
								},
								"ifFalseActivities": [
									{
										"name": "AC_DML_Delete_DataSet",
										"description": "Delete DatasetProcessMasterTbl previous record before the re-run",
										"type": "Script",
										"dependsOn": [
											{
												"activity": "AC_SV_EndOfLoop",
												"dependencyConditions": [
													"Succeeded"
												]
											}
										],
										"policy": {
											"timeout": "0.12:00:00",
											"retry": 0,
											"retryIntervalInSeconds": 30,
											"secureOutput": false,
											"secureInput": false
										},
										"userProperties": [],
										"linkedServiceName": {
											"referenceName": "ls_snowflake",
											"type": "LinkedServiceReference"
										},
										"typeProperties": {
											"scripts": [
												{
													"type": "NonQuery",
													"text": {
														"value": "@concat(' DELETE FROM ',variables('vMetaSchemaProcessMstr'),\n' WHERE DATASETNAME = ','''',variables('vOrigDataSet'),''';')\n",
														"type": "Expression"
													}
												}
											],
											"scriptBlockExecutionTimeout": "02:00:00"
										}
									},
									{
										"name": "AC_PL_PolarisErrorTrace",
										"type": "ExecutePipeline",
										"dependsOn": [
											{
												"activity": "AC_DML_Delete_DataSet",
												"dependencyConditions": [
													"Failed"
												]
											}
										],
										"policy": {
											"secureInput": false
										},
										"userProperties": [],
										"typeProperties": {
											"pipeline": {
												"referenceName": "PL_CH_DML_INSERT_PolarisError",
												"type": "PipelineReference"
											},
											"waitOnCompletion": true,
											"parameters": {
												"Para_PipelineRunId": {
													"value": "@pipeline().RunId",
													"type": "Expression"
												},
												"Para_JobStage": {
													"value": "DW STEP2q Delete DWCONFIG FROM DatasetProcessMasterTbl (ReRun Delete) ",
													"type": "Expression"
												},
												"Para_ErrorSeverity": {
													"value": "AC_DML_Delete_DataSet (Rerun) - Critical",
													"type": "Expression"
												},
												"Para_ErrorProgramUnitName": {
													"value": "@pipeline().Pipeline",
													"type": "Expression"
												},
												"Para_ErrorMessage": {
													"value": "@activity('AC_DML_Delete_DataSet').Error.message\n",
													"type": "Expression"
												}
											}
										}
									},
									{
										"name": "AC_PL_PolarisAuditInsert",
										"description": "Capture the audit events",
										"type": "ExecutePipeline",
										"dependsOn": [
											{
												"activity": "AC_DML_Delete_DataSet",
												"dependencyConditions": [
													"Succeeded"
												]
											}
										],
										"policy": {
											"secureInput": false
										},
										"userProperties": [],
										"typeProperties": {
											"pipeline": {
												"referenceName": "PL_CH_DML_INSERT_PolarisAudit",
												"type": "PipelineReference"
											},
											"waitOnCompletion": true,
											"parameters": {
												"Para_PipelineRunId": {
													"value": "@pipeline().RunId",
													"type": "Expression"
												},
												"Para_DatasetId": {
													"value": "1",
													"type": "Expression"
												},
												"Para_ProgramUnitName": {
													"value": "@pipeline().Pipeline",
													"type": "Expression"
												},
												"Para_JobStatus": {
													"value": "@concat(item()['Polaris Full Location'], ' - Polaris Data Set Re-run Configuration Successfully deleted before rerun -', ' AC_FEA_PullActivePolarisDataSet ')",
													"type": "Expression"
												},
												"Para_ProcessedRecordCount": {
													"value": "1",
													"type": "Expression"
												},
												"Para_RejectedRecordCount": {
													"value": "0",
													"type": "Expression"
												},
												"Para_Comments": {
													"value": "@concat(' DatasetProcessMasterTbl Refreshed..No of config iteams to be deleted before re-run ',string(activity('AC_LA_LookupSharepointConfigFile').output.count))",
													"type": "Expression"
												},
												"Para_SizeOfDataRead": {
													"value": "NULL",
													"type": "Expression"
												},
												"Para_SizeOfDataWritten": {
													"value": "NULL",
													"type": "Expression"
												},
												"Para_Duration": {
													"value": "@activity('AC_DML_Delete_DataSet').Duration\n\n",
													"type": "Expression"
												},
												"Para_JobStage": {
													"value": "DW STEP2a DELETE DWCONFIG FROM DatasetProcessMasterTbl (ReRun Delete entry) - PolarisActiveColumnsforBI.xlsx",
													"type": "Expression"
												}
											}
										}
									},
									{
										"name": "AC_SV_EndOfLoop",
										"description": "Logical status update for end of loop",
										"type": "SetVariable",
										"dependsOn": [],
										"policy": {
											"secureOutput": false,
											"secureInput": false
										},
										"userProperties": [],
										"typeProperties": {
											"variableName": "vEndofLoop",
											"value": {
												"value": "@int('2')",
												"type": "Expression"
											}
										}
									}
								]
							}
						},
						{
							"name": "AC_SV_OrigDataSetArray",
							"description": "Split the Polaris Full location from config ",
							"type": "SetVariable",
							"dependsOn": [],
							"policy": {
								"secureOutput": false,
								"secureInput": false
							},
							"userProperties": [],
							"typeProperties": {
								"variableName": "vTableArray",
								"value": {
									"value": "@split(item()['Polaris Full Location'],'.')\n",
									"type": "Expression"
								}
							}
						},
						{
							"name": "AC_SV_OrigDataSetValue",
							"description": "Actual DATASETNAME derived.",
							"type": "SetVariable",
							"dependsOn": [
								{
									"activity": "AC_SV_OrigDataSetArray",
									"dependencyConditions": [
										"Succeeded"
									]
								}
							],
							"policy": {
								"secureOutput": false,
								"secureInput": false
							},
							"userProperties": [],
							"typeProperties": {
								"variableName": "vOrigDataSet",
								"value": {
									"value": "@concat(variables('vTableArray')[0],'.',variables('vTableArray')[1])",
									"type": "Expression"
								}
							}
						}
					]
				}
			},
			{
				"name": "AC_LA_LookupSharepointConfigFile",
				"description": "Read PolarisActiveColumnsforBI.xlsx ",
				"type": "Lookup",
				"dependsOn": [],
				"policy": {
					"timeout": "0.12:00:00",
					"retry": 0,
					"retryIntervalInSeconds": 30,
					"secureOutput": false,
					"secureInput": false
				},
				"userProperties": [],
				"typeProperties": {
					"source": {
						"type": "ExcelSource",
						"storeSettings": {
							"type": "AzureBlobStorageReadSettings",
							"recursive": false,
							"enablePartitionDiscovery": false
						}
					},
					"dataset": {
						"referenceName": "DS_PolarisBlobConfigExcelDW",
						"type": "DatasetReference"
					},
					"firstRowOnly": false
				}
			},
			{
				"name": "AC_FILT_ActiveCRMReRunRecords",
				"description": "Pull only Active CRM Records",
				"type": "Filter",
				"dependsOn": [
					{
						"activity": "AC_LA_LookupSharepointConfigFile",
						"dependencyConditions": [
							"Succeeded"
						]
					}
				],
				"userProperties": [],
				"typeProperties": {
					"items": {
						"value": "@activity('AC_LA_LookupSharepointConfigFile').output.value",
						"type": "Expression"
					},
					"condition": {
						"value": "@and(equals(item().Active,'Y'),equals(item().Rerun,'Y'))\n ",
						"type": "Expression"
					}
				}
			},
			{
				"name": "AC_IF_NoActiveReRunRecords",
				"type": "IfCondition",
				"dependsOn": [
					{
						"activity": "AC_FILT_ActiveCRMReRunRecords",
						"dependencyConditions": [
							"Succeeded"
						]
					}
				],
				"userProperties": [],
				"typeProperties": {
					"expression": {
						"value": "@equals(activity('AC_FILT_ActiveCRMReRunRecords').output.FilteredItemsCount,0)\n",
						"type": "Expression"
					},
					"ifTrueActivities": [
						{
							"name": "AC_PL_NoActiveReRunCRMToPull",
							"type": "ExecutePipeline",
							"dependsOn": [],
							"policy": {
								"secureInput": false
							},
							"userProperties": [],
							"typeProperties": {
								"pipeline": {
									"referenceName": "PL_CH_DML_INSERT_PolarisError",
									"type": "PipelineReference"
								},
								"waitOnCompletion": true,
								"parameters": {
									"Para_PipelineRunId": {
										"value": "@pipeline().RunId",
										"type": "Expression"
									},
									"Para_JobStage": {
										"value": "DW STEP2 READ DWCONFIG FROM SHAREPOINT",
										"type": "Expression"
									},
									"Para_ErrorSeverity": {
										"value": "AC_IF_NoActiveReRunRecords - True - Warning",
										"type": "Expression"
									},
									"Para_ErrorProgramUnitName": {
										"value": "@pipeline().Pipeline",
										"type": "Expression"
									},
									"Para_ErrorMessage": {
										"value": "AC_FILT_ActiveCRMRecords - No Active CRM ReRun DataSets To Pull, Pls Check DWConfig File.\n",
										"type": "Expression"
									}
								}
							}
						}
					]
				}
			},
			{
				"name": "AC_SV_DataSetMasterTable",
				"description": "Fully qualified name assembly to refer DATASETPROCESSMASTERTBL",
				"type": "SetVariable",
				"dependsOn": [
					{
						"activity": "AC_LA_LookupSharepointConfigFile",
						"dependencyConditions": [
							"Succeeded"
						]
					}
				],
				"policy": {
					"secureOutput": false,
					"secureInput": false
				},
				"userProperties": [],
				"typeProperties": {
					"variableName": "vMetaSchemaProcessMstr",
					"value": {
						"value": "@concat(pipeline().globalParameters.vGlobalEnv,'_',pipeline().globalParameters.vGlobalMetaEngine,'.','DATASETPROCESSMASTERTBL')",
						"type": "Expression"
					}
				}
			},
			{
				"name": "AC_IF_RerunEndOfLoop",
				"type": "IfCondition",
				"dependsOn": [
					{
						"activity": "AC_FEA_PullActivePolarisDataSet",
						"dependencyConditions": [
							"Succeeded"
						]
					}
				],
				"userProperties": [],
				"typeProperties": {
					"expression": {
						"value": "@greater(variables('vEndofLoop'),1)\n",
						"type": "Expression"
					},
					"ifTrueActivities": [
						{
							"name": "AC_DML_Delete_DataSet_EndOfLoop",
							"description": "Delete DatasetProcessMasterTbl previous record before the re-run",
							"type": "Script",
							"dependsOn": [
								{
									"activity": "AC_SV_EndOfLoop_Delete",
									"dependencyConditions": [
										"Succeeded"
									]
								}
							],
							"policy": {
								"timeout": "0.12:00:00",
								"retry": 0,
								"retryIntervalInSeconds": 30,
								"secureOutput": false,
								"secureInput": false
							},
							"userProperties": [],
							"linkedServiceName": {
								"referenceName": "ls_snowflake",
								"type": "LinkedServiceReference"
							},
							"typeProperties": {
								"scripts": [
									{
										"type": "NonQuery",
										"text": {
											"value": "@concat(' DELETE FROM ',variables('vMetaSchemaProcessMstr'),\n' WHERE DATASETNAME = ','''',variables('vOrigDataSet'),''';')\n",
											"type": "Expression"
										}
									}
								],
								"scriptBlockExecutionTimeout": "02:00:00"
							}
						},
						{
							"name": "AC_PL_PolarisErrorTrace_EndOfLoop",
							"type": "ExecutePipeline",
							"dependsOn": [
								{
									"activity": "AC_DML_Delete_DataSet_EndOfLoop",
									"dependencyConditions": [
										"Failed"
									]
								}
							],
							"policy": {
								"secureInput": false
							},
							"userProperties": [],
							"typeProperties": {
								"pipeline": {
									"referenceName": "PL_CH_DML_INSERT_PolarisError",
									"type": "PipelineReference"
								},
								"waitOnCompletion": true,
								"parameters": {
									"Para_PipelineRunId": {
										"value": "@pipeline().RunId",
										"type": "Expression"
									},
									"Para_JobStage": {
										"value": "DW STEP2q Delete DWCONFIG FROM DatasetProcessMasterTbl (ReRun Delete) ",
										"type": "Expression"
									},
									"Para_ErrorSeverity": {
										"value": "AC_DML_Delete_DataSet (Rerun) - Critical",
										"type": "Expression"
									},
									"Para_ErrorProgramUnitName": {
										"value": "@pipeline().Pipeline",
										"type": "Expression"
									},
									"Para_ErrorMessage": {
										"value": "@activity('AC_DML_Delete_DataSet').Error.message\n",
										"type": "Expression"
									}
								}
							}
						},
						{
							"name": "AC_PL_PolarisAuditInsert_EndOfLoop",
							"description": "Capture the audit events",
							"type": "ExecutePipeline",
							"dependsOn": [
								{
									"activity": "AC_DML_Delete_DataSet_EndOfLoop",
									"dependencyConditions": [
										"Succeeded"
									]
								}
							],
							"policy": {
								"secureInput": false
							},
							"userProperties": [],
							"typeProperties": {
								"pipeline": {
									"referenceName": "PL_CH_DML_INSERT_PolarisAudit",
									"type": "PipelineReference"
								},
								"waitOnCompletion": true,
								"parameters": {
									"Para_PipelineRunId": {
										"value": "@pipeline().RunId",
										"type": "Expression"
									},
									"Para_DatasetId": {
										"value": "1",
										"type": "Expression"
									},
									"Para_ProgramUnitName": {
										"value": "@pipeline().Pipeline",
										"type": "Expression"
									},
									"Para_JobStatus": {
										"value": "@concat(variables('vOrigDataSet'), ' - Polaris Data Set Re-run Configuration Successfully deleted before rerun -', ' AC_FEA_PullActivePolarisDataSet ')\n\n",
										"type": "Expression"
									},
									"Para_ProcessedRecordCount": {
										"value": "1",
										"type": "Expression"
									},
									"Para_RejectedRecordCount": {
										"value": "0",
										"type": "Expression"
									},
									"Para_Comments": {
										"value": "@concat(' DatasetProcessMasterTbl Refreshed..No of config iteams to be deleted before re-run ',string(activity('AC_LA_LookupSharepointConfigFile').output.count))",
										"type": "Expression"
									},
									"Para_SizeOfDataRead": {
										"value": "NULL",
										"type": "Expression"
									},
									"Para_SizeOfDataWritten": {
										"value": "NULL",
										"type": "Expression"
									},
									"Para_Duration": {
										"value": "@activity('AC_DML_Delete_DataSet').Duration\n\n",
										"type": "Expression"
									},
									"Para_JobStage": {
										"value": "DW STEP2a DELETE DWCONFIG FROM DatasetProcessMasterTbl (ReRun Delete entry) - PolarisActiveColumnsforBI.xlsx",
										"type": "Expression"
									}
								}
							}
						},
						{
							"name": "AC_SV_EndOfLoop_Delete",
							"description": "Logical status update for end of loop",
							"type": "SetVariable",
							"dependsOn": [],
							"policy": {
								"secureOutput": false,
								"secureInput": false
							},
							"userProperties": [],
							"typeProperties": {
								"variableName": "vEndofLoop",
								"value": {
									"value": "@int('1')",
									"type": "Expression"
								}
							}
						}
					]
				}
			}
		],
		"variables": {
			"vPipelineRunId": {
				"type": "String"
			},
			"vProgramUnitName": {
				"type": "String"
			},
			"vJobStage": {
				"type": "String"
			},
			"vTargetEnv": {
				"type": "String"
			},
			"vMetaSchema": {
				"type": "String"
			},
			"vMetaSchemaProcessMstr": {
				"type": "String"
			},
			"vTimeStamp": {
				"type": "String"
			},
			"vTableArray": {
				"type": "Array"
			},
			"vOrigDataSet": {
				"type": "String"
			},
			"vNow": {
				"type": "String"
			},
			"vPrev": {
				"type": "String"
			},
			"vEndofLoop": {
				"type": "Integer",
				"defaultValue": 1
			}
		},
		"folder": {
			"name": "OriginalVer"
		},
		"annotations": []
	}
}