{
	"name": "PL_MR_DML_INSERT_DWEnriched_STEP10_Orig",
	"properties": {
		"activities": [
			{
				"name": "AC_LA_LookupEnrichedDataSet",
				"description": "Copy data into all available Enriched structure From Curation",
				"type": "Lookup",
				"dependsOn": [],
				"policy": {
					"timeout": "0.12:00:00",
					"retry": 0,
					"retryIntervalInSeconds": 30,
					"secureOutput": false,
					"secureInput": false
				},
				"userProperties": [],
				"typeProperties": {
					"source": {
						"type": "SnowflakeV2Source",
						"query": {
							"value": "@concat(' SELECT TABLE_NAME FROM INFORMATION_SCHEMA.TABLES WHERE TABLE_TYPE = ''BASE TABLE'' AND TABLE_OWNER = ''POLARISUAT_SQL_TEAM'' AND TABLE_SCHEMA = ','''',pipeline().globalParameters.vGlobalEnv,'_',pipeline().globalParameters.vGlobalEnriched,'''')\n",
							"type": "Expression"
						},
						"exportSettings": {
							"type": "SnowflakeExportCopyCommand"
						}
					},
					"dataset": {
						"referenceName": "DS_PolarisSnowflakeDW",
						"type": "DatasetReference",
						"parameters": {
							"DWSchema": {
								"value": "NULL",
								"type": "Expression"
							},
							"DWTable": {
								"value": "NULL",
								"type": "Expression"
							}
						}
					},
					"firstRowOnly": false
				}
			},
			{
				"name": "AC_FEA_CopyCurationToEnriched",
				"description": "For each existing curation structure move data to Enriched equivalent",
				"type": "ForEach",
				"dependsOn": [
					{
						"activity": "AC_LA_LookupEnrichedDataSet",
						"dependencyConditions": [
							"Succeeded"
						]
					}
				],
				"userProperties": [],
				"typeProperties": {
					"items": {
						"value": "@activity('AC_LA_LookupEnrichedDataSet').output.value\n",
						"type": "Expression"
					},
					"isSequential": true,
					"activities": [
						{
							"name": "AC_PL_PolarisErrorTrace",
							"type": "ExecutePipeline",
							"dependsOn": [
								{
									"activity": "AC_PL_CopyEnriched_LogError",
									"dependencyConditions": [
										"Failed"
									]
								}
							],
							"policy": {
								"secureInput": false
							},
							"userProperties": [],
							"typeProperties": {
								"pipeline": {
									"referenceName": "PL_CH_DML_INSERT_PolarisError",
									"type": "PipelineReference"
								},
								"waitOnCompletion": true,
								"parameters": {
									"Para_PipelineRunId": {
										"value": "@pipeline().RunId",
										"type": "Expression"
									},
									"Para_JobStage": {
										"value": "DW STEP10 AC_FEA_CopyCurationToEnriched\n",
										"type": "Expression"
									},
									"Para_ErrorSeverity": {
										"value": "AC_FEA_CopyRawToCuration - Critical",
										"type": "Expression"
									},
									"Para_ErrorProgramUnitName": {
										"value": "@pipeline().Pipeline",
										"type": "Expression"
									},
									"Para_ErrorMessage": {
										"value": "@activity('AC_PL_CopyEnriched_LogError').Error.message",
										"type": "Expression"
									}
								}
							}
						},
						{
							"name": "AC_PL_CopyEnriched_LogError",
							"description": "Move data from Curation to Enriched and Park error records.",
							"type": "ExecutePipeline",
							"dependsOn": [],
							"policy": {
								"secureInput": false
							},
							"userProperties": [],
							"typeProperties": {
								"pipeline": {
									"referenceName": "PL_MR_DML_INSERT_DWEnriched_STEP10",
									"type": "PipelineReference"
								},
								"waitOnCompletion": true
							}
						}
					]
				}
			},
			{
				"name": "AC_IF_NoEnriched",
				"type": "IfCondition",
				"dependsOn": [
					{
						"activity": "AC_LA_LookupEnrichedDataSet",
						"dependencyConditions": [
							"Succeeded"
						]
					}
				],
				"userProperties": [],
				"typeProperties": {
					"expression": {
						"value": "@equals(activity('AC_LA_LookupEnrichedDataSet').output.count,0)\n",
						"type": "Expression"
					},
					"ifTrueActivities": [
						{
							"name": "AC_PL_NoEnrichedStructure",
							"type": "ExecutePipeline",
							"dependsOn": [],
							"policy": {
								"secureInput": false
							},
							"userProperties": [],
							"typeProperties": {
								"pipeline": {
									"referenceName": "PL_CH_DML_INSERT_PolarisError",
									"type": "PipelineReference"
								},
								"waitOnCompletion": true,
								"parameters": {
									"Para_PipelineRunId": {
										"value": "@pipeline().RunId",
										"type": "Expression"
									},
									"Para_JobStage": {
										"value": "DW STEP10 AC_IF_NoEnriched -True activity\n\n",
										"type": "Expression"
									},
									"Para_ErrorSeverity": {
										"value": "AC_IF_NoEnriched - Critical",
										"type": "Expression"
									},
									"Para_ErrorProgramUnitName": {
										"value": "@pipeline().Pipeline",
										"type": "Expression"
									},
									"Para_ErrorMessage": {
										"value": "AC_LA_LookupEnrichedDataSet - Found no Enriched structure\n",
										"type": "Expression"
									}
								}
							}
						}
					]
				}
			}
		],
		"variables": {
			"vOutputMsg": {
				"type": "String"
			},
			"vrowsSkipped": {
				"type": "Integer"
			},
			"vErrorMsg": {
				"type": "String",
				"defaultValue": "PL_MR_DML_INSERT_DWCurationLayer_STEP6 - Inner Activity Failed"
			},
			"vMetaSchemaProcessMstr": {
				"type": "String"
			}
		},
		"folder": {
			"name": "DevSpace"
		},
		"annotations": []
	}
}