{
	"name": "PL_MR_META_POLARISDS_SHAREPOINT_ReRun_STEP2b",
	"properties": {
		"description": "Copy Data from Azure SQL DB POLARIS CRM data to Snowflake Data warehouse",
		"activities": [
			{
				"name": "AC_FEA_PullActivePolarisDataSet",
				"description": "Pull all qualified Polaris Data set for DW Build",
				"type": "ForEach",
				"dependsOn": [
					{
						"activity": "AC_FILT_ActiveCRMRecords",
						"dependencyConditions": [
							"Succeeded"
						]
					}
				],
				"userProperties": [],
				"typeProperties": {
					"items": {
						"value": "@activity('AC_FILT_ActiveCRMRecords').output.value\n\n",
						"type": "Expression"
					},
					"isSequential": true,
					"activities": [
						{
							"name": "AC_PL_PolarisErrorTrace",
							"type": "ExecutePipeline",
							"dependsOn": [
								{
									"activity": "AC_SP_udp_PolarisDW_SourceCRM_Insert",
									"dependencyConditions": [
										"Failed"
									]
								}
							],
							"policy": {
								"secureInput": false
							},
							"userProperties": [],
							"typeProperties": {
								"pipeline": {
									"referenceName": "PL_CH_DML_INSERT_PolarisError",
									"type": "PipelineReference"
								},
								"waitOnCompletion": true,
								"parameters": {
									"Para_PipelineRunId": {
										"value": "@pipeline().RunId",
										"type": "Expression"
									},
									"Para_JobStage": {
										"value": "DW STEP2 READ DWCONFIG FROM SHAREPOINT (ReRun) - PolarisActiveColumnsforBI.xlsx",
										"type": "Expression"
									},
									"Para_ErrorSeverity": {
										"value": "AC_SP_udp_PolarisDW_SourceCRM_Insert (Rerun) - Critical",
										"type": "Expression"
									},
									"Para_ErrorProgramUnitName": {
										"value": "@pipeline().Pipeline",
										"type": "Expression"
									},
									"Para_ErrorMessage": {
										"value": "@activity('AC_SP_udp_PolarisDW_SourceCRM_Insert').Error.message\n",
										"type": "Expression"
									}
								}
							}
						},
						{
							"name": "AC_PL_PolarisAuditInsert",
							"description": "Capture the audit events",
							"type": "ExecutePipeline",
							"dependsOn": [
								{
									"activity": "AC_SP_udp_PolarisDW_SourceCRM_Insert",
									"dependencyConditions": [
										"Succeeded"
									]
								}
							],
							"policy": {
								"secureInput": false
							},
							"userProperties": [],
							"typeProperties": {
								"pipeline": {
									"referenceName": "PL_CH_DML_INSERT_PolarisAudit",
									"type": "PipelineReference"
								},
								"waitOnCompletion": true,
								"parameters": {
									"Para_PipelineRunId": {
										"value": "@pipeline().RunId",
										"type": "Expression"
									},
									"Para_DatasetId": {
										"value": "1",
										"type": "Expression"
									},
									"Para_ProgramUnitName": {
										"value": "@pipeline().Pipeline",
										"type": "Expression"
									},
									"Para_JobStatus": {
										"value": "@concat(item()['Polaris Full Location'], ' - Polaris Data Set Re-run Configuration Successful -', ' AC_FEA_PullActivePolarisDataSet ')",
										"type": "Expression"
									},
									"Para_ProcessedRecordCount": {
										"value": "1",
										"type": "Expression"
									},
									"Para_RejectedRecordCount": {
										"value": "0",
										"type": "Expression"
									},
									"Para_Comments": {
										"value": "@concat(' DatasetProcessMasterTbl Rerun Refreshed..No of config iteams read ',string(activity('AC_FILT_ActiveCRMRecords').output.ItemsCount),' Out of which qualified re-run item count is..',string(activity('AC_FILT_ActiveCRMRecords').output.FilteredItemsCount))\n\n",
										"type": "Expression"
									},
									"Para_SizeOfDataRead": {
										"value": "NULL",
										"type": "Expression"
									},
									"Para_SizeOfDataWritten": {
										"value": "NULL",
										"type": "Expression"
									},
									"Para_Duration": {
										"value": "@activity('AC_SP_udp_PolarisDW_SourceCRM_Insert').Duration",
										"type": "Expression"
									},
									"Para_JobStage": {
										"value": "DW STEP2 READ DWCONFIG FROM SHAREPOINT (ReRun) - PolarisActiveColumnsforBI.xlsx",
										"type": "Expression"
									}
								}
							}
						},
						{
							"name": "AC_SV_PolarisTableField",
							"type": "SetVariable",
							"dependsOn": [],
							"policy": {
								"secureOutput": false,
								"secureInput": false
							},
							"userProperties": [],
							"typeProperties": {
								"variableName": "vPolarisTableField",
								"value": {
									"value": "@item()['Polaris Full Location']",
									"type": "Expression"
								}
							}
						},
						{
							"name": "AC_SV_FrequencyId",
							"type": "SetVariable",
							"dependsOn": [
								{
									"activity": "AC_SV_PolarisTableField",
									"dependencyConditions": [
										"Succeeded"
									]
								}
							],
							"policy": {
								"secureOutput": false,
								"secureInput": false
							},
							"userProperties": [],
							"typeProperties": {
								"variableName": "vFrequencyId",
								"value": {
									"value": "@int(item().FREQUENCYID)",
									"type": "Expression"
								}
							}
						},
						{
							"name": "AC_SV_LoadTypeId",
							"type": "SetVariable",
							"dependsOn": [
								{
									"activity": "AC_SV_FrequencyId",
									"dependencyConditions": [
										"Succeeded"
									]
								}
							],
							"policy": {
								"secureOutput": false,
								"secureInput": false
							},
							"userProperties": [],
							"typeProperties": {
								"variableName": "vLoadTypeId",
								"value": {
									"value": "@int(item().LOADTYPEID)",
									"type": "Expression"
								}
							}
						},
						{
							"name": "AC_SV_Active",
							"type": "SetVariable",
							"dependsOn": [
								{
									"activity": "AC_SV_LoadTypeId",
									"dependencyConditions": [
										"Succeeded"
									]
								}
							],
							"policy": {
								"secureOutput": false,
								"secureInput": false
							},
							"userProperties": [],
							"typeProperties": {
								"variableName": "vActive",
								"value": {
									"value": "@item().Active",
									"type": "Expression"
								}
							}
						},
						{
							"name": "AC_SV_UpdatedOn",
							"type": "SetVariable",
							"dependsOn": [
								{
									"activity": "AC_SV_Active",
									"dependencyConditions": [
										"Succeeded"
									]
								}
							],
							"policy": {
								"secureOutput": false,
								"secureInput": false
							},
							"userProperties": [],
							"typeProperties": {
								"variableName": "vUpdatedOn",
								"value": {
									"value": "@item().Updated",
									"type": "Expression"
								}
							}
						},
						{
							"name": "AC_SV_UpdatedBy",
							"type": "SetVariable",
							"dependsOn": [
								{
									"activity": "AC_SV_UpdatedOn",
									"dependencyConditions": [
										"Succeeded"
									]
								}
							],
							"policy": {
								"secureOutput": false,
								"secureInput": false
							},
							"userProperties": [],
							"typeProperties": {
								"variableName": "vUpdatedBy",
								"value": {
									"value": "@item()['Updated By']",
									"type": "Expression"
								}
							}
						},
						{
							"name": "AC_SV_Notes",
							"type": "SetVariable",
							"dependsOn": [
								{
									"activity": "AC_SV_UpdatedBy",
									"dependencyConditions": [
										"Succeeded"
									]
								}
							],
							"policy": {
								"secureOutput": false,
								"secureInput": false
							},
							"userProperties": [],
							"typeProperties": {
								"variableName": "vNotes",
								"value": {
									"value": "@item()['Reason for Change']",
									"type": "Expression"
								}
							}
						},
						{
							"name": "AC_SV_PipelineRunId",
							"type": "SetVariable",
							"dependsOn": [
								{
									"activity": "AC_SV_Notes",
									"dependencyConditions": [
										"Succeeded"
									]
								}
							],
							"policy": {
								"secureOutput": false,
								"secureInput": false
							},
							"userProperties": [],
							"typeProperties": {
								"variableName": "vPipelineRunId",
								"value": {
									"value": "@pipeline().RunId",
									"type": "Expression"
								}
							}
						},
						{
							"name": "AC_SV_ProgramUnitName",
							"type": "SetVariable",
							"dependsOn": [
								{
									"activity": "AC_SV_PipelineRunId",
									"dependencyConditions": [
										"Succeeded"
									]
								}
							],
							"policy": {
								"secureOutput": false,
								"secureInput": false
							},
							"userProperties": [],
							"typeProperties": {
								"variableName": "vProgramUnitName",
								"value": {
									"value": "@pipeline().Pipeline",
									"type": "Expression"
								}
							}
						},
						{
							"name": "AC_SV_JobStage",
							"type": "SetVariable",
							"dependsOn": [
								{
									"activity": "AC_SV_ProgramUnitName",
									"dependencyConditions": [
										"Succeeded"
									]
								}
							],
							"policy": {
								"secureOutput": false,
								"secureInput": false
							},
							"userProperties": [],
							"typeProperties": {
								"variableName": "vJobStage",
								"value": {
									"value": "@pipeline().globalParameters.vGlobalMetaDS",
									"type": "Expression"
								}
							}
						},
						{
							"name": "AC_SV_TargetEnv",
							"type": "SetVariable",
							"dependsOn": [
								{
									"activity": "AC_SV_JobStage",
									"dependencyConditions": [
										"Succeeded"
									]
								}
							],
							"policy": {
								"secureOutput": false,
								"secureInput": false
							},
							"userProperties": [],
							"typeProperties": {
								"variableName": "vTargetEnv",
								"value": {
									"value": "@pipeline().globalParameters.vGlobalEnv",
									"type": "Expression"
								}
							}
						},
						{
							"name": "AC_SV_MetaSchema",
							"type": "SetVariable",
							"dependsOn": [
								{
									"activity": "AC_SV_TargetEnv",
									"dependencyConditions": [
										"Succeeded"
									]
								}
							],
							"policy": {
								"secureOutput": false,
								"secureInput": false
							},
							"userProperties": [],
							"typeProperties": {
								"variableName": "vMetaSchema",
								"value": {
									"value": "@pipeline().globalParameters.vGlobalMetaEngine",
									"type": "Expression"
								}
							}
						},
						{
							"name": "AC_SV_PrimaryKey",
							"type": "SetVariable",
							"dependsOn": [
								{
									"activity": "AC_SV_MetaSchema",
									"dependencyConditions": [
										"Succeeded"
									]
								}
							],
							"policy": {
								"secureOutput": false,
								"secureInput": false
							},
							"userProperties": [],
							"typeProperties": {
								"variableName": "vPrimaryKey",
								"value": {
									"value": "@item()['Primary Key']",
									"type": "Expression"
								}
							}
						},
						{
							"name": "AC_SV_KeepHistory",
							"type": "SetVariable",
							"dependsOn": [
								{
									"activity": "AC_SV_PrimaryKey",
									"dependencyConditions": [
										"Succeeded"
									]
								}
							],
							"policy": {
								"secureOutput": false,
								"secureInput": false
							},
							"userProperties": [],
							"typeProperties": {
								"variableName": "vKeepHistory",
								"value": {
									"value": "@item()['Keep History']",
									"type": "Expression"
								}
							}
						},
						{
							"name": "AC_SV_Transform",
							"type": "SetVariable",
							"dependsOn": [
								{
									"activity": "AC_SV_KeepHistory",
									"dependencyConditions": [
										"Succeeded"
									]
								}
							],
							"policy": {
								"secureOutput": false,
								"secureInput": false
							},
							"userProperties": [],
							"typeProperties": {
								"variableName": "vTransform",
								"value": {
									"value": "@item()['Transformations']",
									"type": "Expression"
								}
							}
						},
						{
							"name": "AC_SV_TransformType",
							"type": "SetVariable",
							"dependsOn": [
								{
									"activity": "AC_SV_Transform",
									"dependencyConditions": [
										"Succeeded"
									]
								}
							],
							"policy": {
								"secureOutput": false,
								"secureInput": false
							},
							"userProperties": [],
							"typeProperties": {
								"variableName": "vTransformType",
								"value": {
									"value": "@item()['Transform Type']",
									"type": "Expression"
								}
							}
						},
						{
							"name": "AC_SP_udp_PolarisDW_SourceCRM_Insert",
							"description": "SP to create records - DATASETPROCESSMASTERTBL",
							"type": "Script",
							"dependsOn": [
								{
									"activity": "AC_SV_TransformType",
									"dependencyConditions": [
										"Succeeded"
									]
								}
							],
							"policy": {
								"timeout": "0.12:00:00",
								"retry": 0,
								"retryIntervalInSeconds": 30,
								"secureOutput": false,
								"secureInput": false
							},
							"userProperties": [],
							"linkedServiceName": {
								"referenceName": "ls_snowflake",
								"type": "LinkedServiceReference"
							},
							"typeProperties": {
								"scripts": [
									{
										"type": "Query",
										"text": {
											"value": "@concat('CALL ',pipeline().globalParameters.vGlobalEnv,'_',pipeline().globalParameters.vGlobalMetaEngine,'.udp_PolarisDW_SourceCRM_Insert(',\n'''',\nvariables('vPolarisTableField'),\n''',',\nstring(variables('vFrequencyId')),\n',',\nstring(variables('vLoadTypeId')),\n',',\n'''',\nvariables('vActive'),\n''',',\n'''',\nvariables('vUpdatedOn'),\n''',',\n'''',\nvariables('vUpdatedBy'),\n''',',\n'''',\nvariables('vNotes'),\n''',',\n'''',\nvariables('vPipelineRunId'),\n''',',\n'''',\nvariables('vProgramUnitName'),\n''',',\n'''',\nvariables('vJobStage'),\n''',',\n'''',\nvariables('vTargetEnv'),\n''',',\n'''',\nvariables('vMetaSchema'),\n''',',\n'''',\nvariables('vPrimaryKey'),\n''',',\n'''',\nvariables('vKeepHistory'),\n''',',\n'''',\nvariables('vTransform'),\n''',',\n'''',\nvariables('vTransformType'),\n'''',\n');')",
											"type": "Expression"
										}
									}
								],
								"scriptBlockExecutionTimeout": "02:00:00"
							}
						},
						{
							"name": "AC_DML_UpdateReRunStatus",
							"description": "Update DatasetProcessMasterTbl Last Refresh Timestamp",
							"type": "Script",
							"dependsOn": [
								{
									"activity": "AC_SV_TimeStamp",
									"dependencyConditions": [
										"Succeeded"
									]
								}
							],
							"policy": {
								"timeout": "0.12:00:00",
								"retry": 0,
								"retryIntervalInSeconds": 30,
								"secureOutput": false,
								"secureInput": false
							},
							"userProperties": [],
							"linkedServiceName": {
								"referenceName": "ls_snowflake",
								"type": "LinkedServiceReference"
							},
							"typeProperties": {
								"scripts": [
									{
										"type": "NonQuery",
										"text": {
											"value": "@concat(' UPDATE ',variables('vMetaSchemaProcessMstr'),\n' SET CREATEDDATETIME = ','''',variables('vTimeStamp'),'''',', RERUN = ''Y'' ',\n' WHERE DATASETNAME = ','''',variables('vOrigDataSet'),''';')\n",
											"type": "Expression"
										}
									}
								],
								"scriptBlockExecutionTimeout": "02:00:00"
							}
						},
						{
							"name": "AC_SV_TimeStamp",
							"type": "SetVariable",
							"dependsOn": [
								{
									"activity": "AC_SV_OrigDataSetValue",
									"dependencyConditions": [
										"Succeeded"
									]
								}
							],
							"policy": {
								"secureOutput": false,
								"secureInput": false
							},
							"userProperties": [],
							"typeProperties": {
								"variableName": "vTimeStamp",
								"value": {
									"value": "@utcNow('yyyy-MM-ddTHH:mm:ss')",
									"type": "Expression"
								}
							}
						},
						{
							"name": "AC_SV_OrigDataSetArray",
							"description": "Split the Polaris Full location from config ",
							"type": "SetVariable",
							"dependsOn": [
								{
									"activity": "AC_PL_PolarisAuditInsert",
									"dependencyConditions": [
										"Succeeded"
									]
								}
							],
							"policy": {
								"secureOutput": false,
								"secureInput": false
							},
							"userProperties": [],
							"typeProperties": {
								"variableName": "vTableArray",
								"value": {
									"value": "@split(variables('vPolarisTableField'),'.')\n",
									"type": "Expression"
								}
							}
						},
						{
							"name": "AC_SV_OrigDataSetValue",
							"description": "Actual DATASETNAME derived.",
							"type": "SetVariable",
							"dependsOn": [
								{
									"activity": "AC_SV_OrigDataSetArray",
									"dependencyConditions": [
										"Succeeded"
									]
								}
							],
							"policy": {
								"secureOutput": false,
								"secureInput": false
							},
							"userProperties": [],
							"typeProperties": {
								"variableName": "vOrigDataSet",
								"value": {
									"value": "@concat(variables('vTableArray')[0],'.',variables('vTableArray')[1])",
									"type": "Expression"
								}
							}
						}
					]
				}
			},
			{
				"name": "AC_LA_LookupSharepointConfigFile",
				"description": "Read PolarisActiveColumnsforBI.xlsx ",
				"type": "Lookup",
				"dependsOn": [],
				"policy": {
					"timeout": "0.12:00:00",
					"retry": 0,
					"retryIntervalInSeconds": 30,
					"secureOutput": false,
					"secureInput": false
				},
				"userProperties": [],
				"typeProperties": {
					"source": {
						"type": "ExcelSource",
						"storeSettings": {
							"type": "AzureBlobStorageReadSettings",
							"recursive": false,
							"enablePartitionDiscovery": false
						}
					},
					"dataset": {
						"referenceName": "DS_PolarisBlobConfigExcelDW",
						"type": "DatasetReference"
					},
					"firstRowOnly": false
				}
			},
			{
				"name": "AC_FILT_ActiveCRMRecords",
				"description": "Pull only Active CRM Records",
				"type": "Filter",
				"dependsOn": [
					{
						"activity": "AC_LA_LookupSharepointConfigFile",
						"dependencyConditions": [
							"Succeeded"
						]
					}
				],
				"userProperties": [],
				"typeProperties": {
					"items": {
						"value": "@activity('AC_LA_LookupSharepointConfigFile').output.value",
						"type": "Expression"
					},
					"condition": {
						"value": "@and(equals(item().Active,'Y'),equals(item().Rerun,'Y'))\n ",
						"type": "Expression"
					}
				}
			},
			{
				"name": "AC_IF_NoActiveReRunRecords",
				"type": "IfCondition",
				"dependsOn": [
					{
						"activity": "AC_FILT_ActiveCRMRecords",
						"dependencyConditions": [
							"Succeeded"
						]
					}
				],
				"userProperties": [],
				"typeProperties": {
					"expression": {
						"value": "@equals(activity('AC_FILT_ActiveCRMRecords').output.FilteredItemsCount,0)\n",
						"type": "Expression"
					},
					"ifTrueActivities": [
						{
							"name": "AC_PL_NoActiveReRunCRMToPull",
							"type": "ExecutePipeline",
							"dependsOn": [],
							"policy": {
								"secureInput": false
							},
							"userProperties": [],
							"typeProperties": {
								"pipeline": {
									"referenceName": "PL_CH_DML_INSERT_PolarisError",
									"type": "PipelineReference"
								},
								"waitOnCompletion": true,
								"parameters": {
									"Para_PipelineRunId": {
										"value": "@pipeline().RunId",
										"type": "Expression"
									},
									"Para_JobStage": {
										"value": "DW STEP2 READ DWCONFIG FROM SHAREPOINT (For Rerun - StepB)",
										"type": "Expression"
									},
									"Para_ErrorSeverity": {
										"value": "AC_IF_NoActiveReRunRecords - True - Warning",
										"type": "Expression"
									},
									"Para_ErrorProgramUnitName": {
										"value": "@pipeline().Pipeline",
										"type": "Expression"
									},
									"Para_ErrorMessage": {
										"value": "AC_FILT_ActiveCRMRecords - No Active CRM ReRun DataSets To Pull, Pls Check DWConfig File.\n",
										"type": "Expression"
									}
								}
							}
						}
					]
				}
			},
			{
				"name": "AC_SV_DataSetMasterTable",
				"description": "Fully qualified name assembly to refer DATASETPROCESSMASTERTBL",
				"type": "SetVariable",
				"dependsOn": [
					{
						"activity": "AC_LA_LookupSharepointConfigFile",
						"dependencyConditions": [
							"Succeeded"
						]
					}
				],
				"policy": {
					"secureOutput": false,
					"secureInput": false
				},
				"userProperties": [],
				"typeProperties": {
					"variableName": "vMetaSchemaProcessMstr",
					"value": {
						"value": "@concat(pipeline().globalParameters.vGlobalEnv,'_',pipeline().globalParameters.vGlobalMetaEngine,'.','DATASETPROCESSMASTERTBL')",
						"type": "Expression"
					}
				}
			}
		],
		"variables": {
			"vPolarisTableField": {
				"type": "String"
			},
			"vFrequencyId": {
				"type": "Integer"
			},
			"vLoadTypeId": {
				"type": "Integer"
			},
			"vActive": {
				"type": "String"
			},
			"vUpdatedOn": {
				"type": "String"
			},
			"vUpdatedBy": {
				"type": "String"
			},
			"vNotes": {
				"type": "String"
			},
			"vPipelineRunId": {
				"type": "String"
			},
			"vProgramUnitName": {
				"type": "String"
			},
			"vJobStage": {
				"type": "String"
			},
			"vTargetEnv": {
				"type": "String"
			},
			"vMetaSchema": {
				"type": "String"
			},
			"vPrimaryKey": {
				"type": "String"
			},
			"vKeepHistory": {
				"type": "String"
			},
			"vTransform": {
				"type": "String"
			},
			"vTransformType": {
				"type": "String"
			},
			"vMetaSchemaProcessMstr": {
				"type": "String"
			},
			"vTimeStamp": {
				"type": "String"
			},
			"vTableArray": {
				"type": "Array"
			},
			"vOrigDataSet": {
				"type": "String"
			}
		},
		"folder": {
			"name": "PL_PolarisDW/DWReRunEngine"
		},
		"annotations": []
	}
}