{
	"name": "PL_MR_DDL_DWRawLayerCRMStructure_STEP3_NewOrig",
	"properties": {
		"activities": [
			{
				"name": "AC_QRY_PolarisDBStructure",
				"description": "Pull configured POLARIS DW data sets from POLARIS CRM where Raw structure does not exist.",
				"type": "Script",
				"dependsOn": [
					{
						"activity": "AC_SV_DataSetMasterTable",
						"dependencyConditions": [
							"Succeeded"
						]
					}
				],
				"policy": {
					"timeout": "0.12:00:00",
					"retry": 0,
					"retryIntervalInSeconds": 30,
					"secureOutput": false,
					"secureInput": false
				},
				"userProperties": [],
				"linkedServiceName": {
					"referenceName": "snowflake_rinpnonprod_uat",
					"type": "LinkedServiceReference"
				},
				"typeProperties": {
					"scripts": [
						{
							"type": "Query",
							"text": {
								"value": "@concat('SELECT distinct split_part(datasetname,''.'',1) as schema_name, ','split_part(datasetname,''.'',2) as table_name,','datasetname FROM ',variables('vMetaSchemaProcessMstr'),' WHERE ACTIVEFLG = ''Y'' AND DWSinkStructure = ''N''')",
								"type": "Expression"
							}
						}
					],
					"scriptBlockExecutionTimeout": "02:00:00"
				}
			},
			{
				"name": "AC_SV_DataSetMasterTable",
				"description": "Fully qualified name assembly to refer DATASETPROCESSMASTERTBL",
				"type": "SetVariable",
				"dependsOn": [],
				"policy": {
					"secureOutput": false,
					"secureInput": false
				},
				"userProperties": [],
				"typeProperties": {
					"variableName": "vMetaSchemaProcessMstr",
					"value": {
						"value": "@concat(pipeline().globalParameters.vGlobalEnv,'_',pipeline().globalParameters.vGlobalMetaEngine,'.','DATASETPROCESSMASTERTBL')",
						"type": "Expression"
					}
				}
			},
			{
				"name": "AC_PL_PolarisErrorTrace",
				"type": "ExecutePipeline",
				"dependsOn": [
					{
						"activity": "AC_QRY_PolarisDBStructure",
						"dependencyConditions": [
							"Failed"
						]
					}
				],
				"policy": {
					"secureInput": false
				},
				"userProperties": [],
				"typeProperties": {
					"pipeline": {
						"referenceName": "PL_CH_DML_INSERT_PolarisError",
						"type": "PipelineReference"
					},
					"waitOnCompletion": true,
					"parameters": {
						"Para_PipelineRunId": {
							"value": "@pipeline().RunId",
							"type": "Expression"
						},
						"Para_JobStage": {
							"value": "DW STEP3 RAW Table Objects Creation",
							"type": "Expression"
						},
						"Para_ErrorSeverity": {
							"value": "AC_QRY_PolarisDBStructure Fatal Error\n",
							"type": "Expression"
						},
						"Para_ErrorProgramUnitName": {
							"value": "@pipeline().Pipeline",
							"type": "Expression"
						},
						"Para_ErrorMessage": {
							"value": "@concat('AC_FEA_PullPolarisDataStructure Failed ',activity('AC_QRY_PolarisDBStructure').Error.message)\n\n",
							"type": "Expression"
						}
					}
				}
			},
			{
				"name": "AC_IF_CRMActiveDataSet",
				"type": "IfCondition",
				"dependsOn": [
					{
						"activity": "AC_QRY_PolarisDBStructure",
						"dependencyConditions": [
							"Succeeded"
						]
					}
				],
				"userProperties": [],
				"typeProperties": {
					"expression": {
						"value": "@equals(activity('AC_QRY_PolarisDBStructure').output.resultSetCount,0)",
						"type": "Expression"
					},
					"ifFalseActivities": [
						{
							"name": "AC_PL_ProcessAllActiveCRMDataSets",
							"type": "ExecutePipeline",
							"dependsOn": [],
							"policy": {
								"secureInput": false
							},
							"userProperties": [],
							"typeProperties": {
								"pipeline": {
									"referenceName": "PL_CH_DDL_DWRawLayerCRMStructure_STEP4",
									"type": "PipelineReference"
								},
								"waitOnCompletion": true,
								"parameters": {
									"ParaCRMDataSet": {
										"value": "@activity('AC_QRY_PolarisDBStructure').output.resultSets[0].rows",
										"type": "Expression"
									},
									"ParaProcessMasterTbl": {
										"value": "@variables('vMetaSchemaProcessMstr')",
										"type": "Expression"
									}
								}
							}
						}
					],
					"ifTrueActivities": [
						{
							"name": "AC_PL_NoActiveCRMRecords",
							"type": "ExecutePipeline",
							"dependsOn": [],
							"policy": {
								"secureInput": false
							},
							"userProperties": [],
							"typeProperties": {
								"pipeline": {
									"referenceName": "PL_CH_DML_INSERT_PolarisError",
									"type": "PipelineReference"
								},
								"waitOnCompletion": true,
								"parameters": {
									"Para_PipelineRunId": {
										"value": "@pipeline().RunId",
										"type": "Expression"
									},
									"Para_JobStage": {
										"value": "DW STEP3 RAW Table Objects Creation",
										"type": "Expression"
									},
									"Para_ErrorSeverity": {
										"value": "AC_QRY_PolarisDBStructure - Warning\n",
										"type": "Expression"
									},
									"Para_ErrorProgramUnitName": {
										"value": "@pipeline().Pipeline",
										"type": "Expression"
									},
									"Para_ErrorMessage": {
										"value": "No Active CRM Records Present in DatasetProcessMasterTbl\n",
										"type": "Expression"
									}
								}
							}
						}
					]
				}
			}
		],
		"variables": {
			"vMetaSchemaProcessMstr": {
				"type": "String"
			},
			"vErrorMsg": {
				"type": "String"
			},
			"vOutputMsg": {
				"type": "String"
			}
		},
		"folder": {
			"name": "OriginalVer"
		},
		"annotations": []
	}
}