{
	"name": "PL_MR_DML_INSERT_DWRawLayer_Delta_STEP5_DFTry_OrigCpyActKept",
	"properties": {
		"description": "Copy Data from Azure SQL DB POLARIS CRM data to Snowflake Data warehouse",
		"activities": [
			{
				"name": "AC_FEA_PullActivePolarisDataSet",
				"description": "Pull all qualified Polaris Data set for DW Build",
				"type": "ForEach",
				"dependsOn": [
					{
						"activity": "AC_LA_LookupPolarisDataSet",
						"dependencyConditions": [
							"Succeeded"
						]
					}
				],
				"userProperties": [],
				"typeProperties": {
					"items": {
						"value": "@activity('AC_LA_LookupPolarisDataSet').output.value",
						"type": "Expression"
					},
					"isSequential": true,
					"activities": [
						{
							"name": "AC_SP_udp_PolarisDW_TruncateStage",
							"description": "Call Snowflake SP to clean staging data sets before loading",
							"type": "Script",
							"dependsOn": [],
							"policy": {
								"timeout": "0.12:00:00",
								"retry": 0,
								"retryIntervalInSeconds": 30,
								"secureOutput": false,
								"secureInput": false
							},
							"userProperties": [],
							"linkedServiceName": {
								"referenceName": "snowflake_rinpnonprod_uat",
								"type": "LinkedServiceReference"
							},
							"typeProperties": {
								"scripts": [
									{
										"parameters": [
											{
												"name": "pRunID",
												"type": "String",
												"value": {
													"value": "@pipeline().RunId",
													"type": "Expression"
												},
												"direction": "Input"
											},
											{
												"name": "pTableName",
												"type": "String",
												"value": {
													"value": "@concat(toUpper(item().DatasetName),'_',pipeline().globalParameters.vGlobalRawDS)",
													"type": "Expression"
												},
												"direction": "Input"
											},
											{
												"name": "PPipeName",
												"type": "String",
												"value": {
													"value": "@pipeline().Pipeline",
													"type": "Expression"
												},
												"direction": "Input"
											},
											{
												"name": "pTargetEnv",
												"type": "String",
												"value": {
													"value": "@pipeline().globalParameters.vGlobalEnv",
													"type": "Expression"
												},
												"direction": "Input"
											},
											{
												"name": "pMetaSchema ",
												"type": "String",
												"value": {
													"value": "@pipeline().globalParameters.vGlobalMetaEngine",
													"type": "Expression"
												},
												"direction": "Input"
											},
											{
												"name": "pRawSchema ",
												"type": "String",
												"value": {
													"value": "@pipeline().globalParameters.vGlobalRaw",
													"type": "Expression"
												},
												"direction": "Input"
											}
										],
										"type": "Query",
										"text": {
											"value": "@concat('CALL ',pipeline().globalParameters.vGlobalDB,'.',pipeline().globalParameters.vGlobalEnv,'_',pipeline().globalParameters.vGlobalRaw,'.udp_PolarisDW_TruncateStage(?,?,?,?,?,?);')\n\n\n",
											"type": "Expression"
										}
									}
								],
								"scriptBlockExecutionTimeout": "02:00:00"
							}
						},
						{
							"name": "AC_SV_OrigDataSet",
							"type": "SetVariable",
							"dependsOn": [
								{
									"activity": "AC_SP_udp_PolarisDW_TruncateStage",
									"dependencyConditions": [
										"Succeeded"
									]
								}
							],
							"policy": {
								"secureOutput": false,
								"secureInput": false
							},
							"userProperties": [],
							"typeProperties": {
								"variableName": "vOrigDataSet",
								"value": {
									"value": "@item().OrigDataSet",
									"type": "Expression"
								}
							}
						},
						{
							"name": "Data flow1",
							"type": "ExecuteDataFlow",
							"dependsOn": [
								{
									"activity": "AC_SV_OrigDataSet",
									"dependencyConditions": [
										"Succeeded"
									]
								}
							],
							"policy": {
								"timeout": "0.12:00:00",
								"retry": 0,
								"retryIntervalInSeconds": 30,
								"secureOutput": false,
								"secureInput": false
							},
							"userProperties": [],
							"typeProperties": {
								"dataflow": {
									"referenceName": "DF_CH_DML_DELTACOPY_DWRaw_STEP7",
									"type": "DataFlowReference",
									"parameters": {
										"pQueryItem": {
											"value": "'@{item().DataSetQuery}'",
											"type": "Expression"
										}
									},
									"datasetParameters": {
										"dsnPolarisDW": {
											"DWSchema": "NULL",
											"DWTable": "NULL"
										}
									}
								},
								"integrationRuntime": {
									"referenceName": "irPolarisDW",
									"type": "IntegrationRuntimeReference"
								},
								"traceLevel": "Coarse"
							}
						},
						{
							"name": "AC_CPY_MovePolarisCRMDataToDWStage",
							"description": "Copy qualified data sets from Polaris AZure DB to Snowflake DW staging Schema.",
							"type": "Copy",
							"dependsOn": [],
							"policy": {
								"timeout": "0.12:00:00",
								"retry": 0,
								"retryIntervalInSeconds": 30,
								"secureOutput": false,
								"secureInput": false
							},
							"userProperties": [],
							"typeProperties": {
								"source": {
									"type": "AzureSqlSource",
									"sqlReaderQuery": {
										"value": "@item().DataSetQuery",
										"type": "Expression"
									},
									"queryTimeout": "02:00:00",
									"partitionOption": "None"
								},
								"sink": {
									"type": "SnowflakeSink",
									"importSettings": {
										"type": "SnowflakeImportCopyCommand"
									}
								},
								"enableStaging": true,
								"stagingSettings": {
									"linkedServiceName": {
										"referenceName": "storage_staging_SAS_uat",
										"type": "LinkedServiceReference"
									},
									"path": {
										"value": "@concat('snowflakestaging/',pipeline().globalParameters.vGlobalEnv,'_',pipeline().globalParameters.vGlobalDWStagePath,'_RAW_',\nformatDateTime(utcnow(),'yyyy-MM-dd'),'/',toUpper(item().DatasetName),'/')\n\n",
										"type": "Expression"
									}
								}
							},
							"inputs": [
								{
									"referenceName": "DS_PolarisAzureSQLDB",
									"type": "DatasetReference"
								}
							],
							"outputs": [
								{
									"referenceName": "DS_PolarisSnowflakeDW",
									"type": "DatasetReference",
									"parameters": {
										"DWSchema": {
											"value": "@concat(pipeline().globalParameters.vGlobalEnv,'_',pipeline().globalParameters.vGlobalRaw)",
											"type": "Expression"
										},
										"DWTable": {
											"value": "@concat(toUpper(item().DatasetName),'_',pipeline().globalParameters.vGlobalRawDS)\n",
											"type": "Expression"
										}
									}
								}
							]
						},
						{
							"name": "Set variable1",
							"type": "SetVariable",
							"dependsOn": [
								{
									"activity": "Data flow1",
									"dependencyConditions": [
										"Succeeded"
									]
								}
							],
							"policy": {
								"secureOutput": false,
								"secureInput": false
							},
							"userProperties": [],
							"typeProperties": {
								"variableName": "vTryCaptureOutput",
								"value": {
									"value": "@string(activity('AC_LA_LookupSharepointConfigFile'))",
									"type": "Expression"
								}
							}
						}
					]
				}
			},
			{
				"name": "AC_LA_LookupPolarisDataSet",
				"description": "Read PolarisDW_Meta_TblDatasetProcessMaster ",
				"type": "Lookup",
				"dependsOn": [
					{
						"activity": "AC_SV_DataSetMasterTable",
						"dependencyConditions": [
							"Succeeded"
						]
					}
				],
				"policy": {
					"timeout": "0.12:00:00",
					"retry": 0,
					"retryIntervalInSeconds": 30,
					"secureOutput": false,
					"secureInput": false
				},
				"userProperties": [],
				"typeProperties": {
					"source": {
						"type": "SnowflakeSource",
						"query": {
							"value": "@concat('SELECT DISTINCT REPLACE(DataSetName,''.'',''_'') as DataSetName,',' DataSetQuery, DataSetName as OrigDataSet FROM ',\nvariables('vMetaSchemaProcessMstr'),\n' WHERE DatasetType = ''SQL'' AND DWSINKSTRUCTURE = ''Y'' AND ActiveFlg = ''Y'' AND LOADTYPEID = 3;')",
							"type": "Expression"
						},
						"exportSettings": {
							"type": "SnowflakeExportCopyCommand"
						}
					},
					"dataset": {
						"referenceName": "DS_PolarisSnowflakeDW",
						"type": "DatasetReference",
						"parameters": {
							"DWSchema": "NULL",
							"DWTable": "NULL"
						}
					},
					"firstRowOnly": false
				}
			},
			{
				"name": "AC_SV_DataSetMasterTable",
				"description": "Fully qualified name assembly to refer DATASETPROCESSMASTERTBL",
				"type": "SetVariable",
				"dependsOn": [],
				"policy": {
					"secureOutput": false,
					"secureInput": false
				},
				"userProperties": [],
				"typeProperties": {
					"variableName": "vMetaSchemaProcessMstr",
					"value": {
						"value": "@concat(pipeline().globalParameters.vGlobalEnv,'_',pipeline().globalParameters.vGlobalMetaEngine,'.','DATASETPROCESSMASTERTBL')",
						"type": "Expression"
					}
				}
			}
		],
		"variables": {
			"vJobDuration": {
				"type": "String"
			},
			"DataSetPosition": {
				"type": "Array"
			},
			"trysplit": {
				"type": "Array"
			},
			"sourcetable": {
				"type": "String"
			},
			"vMetaSchemaProcessMstr": {
				"type": "String"
			},
			"vErrorMsg": {
				"type": "String"
			},
			"vOrigDataSet": {
				"type": "String"
			},
			"vCopyLogFolder": {
				"type": "String",
				"defaultValue": "CRMDataLog"
			},
			"vTimeStamp": {
				"type": "String"
			}
		},
		"folder": {
			"name": "DevSpace"
		},
		"annotations": []
	}
}