{
	"name": "PL_MR_DDL_DWRawLayer_STEP3_Bkup",
	"properties": {
		"activities": [
			{
				"name": "AC_QRY_PolarisDBStructure",
				"description": "Pull configured POLARIS DW data sets from POLARIS CRM",
				"type": "Script",
				"dependsOn": [],
				"policy": {
					"timeout": "0.12:00:00",
					"retry": 0,
					"retryIntervalInSeconds": 30,
					"secureOutput": false,
					"secureInput": false
				},
				"userProperties": [],
				"linkedServiceName": {
					"referenceName": "sql_polaris_uat",
					"type": "LinkedServiceReference"
				},
				"typeProperties": {
					"scripts": [
						{
							"type": "Query",
							"text": "SELECT distinct s.name as schema_name, t.name as table_name FROM sys.columns AS c\nINNER JOIN sys.tables AS t ON t.object_id = c.object_id\nINNER JOIN sys.schemas AS s ON s.schema_id = t.schema_id\nwhere t.name in ('team','users_reed_service','participant','service','contract','calendar_appointment_type','location','job_readiness','job_centre','azure_blob_meta','course','ethnicity','gender','religion','eligibility_group','action_plan','appointment','health_information','barrier','users_team','users');\n--where t.name in ('team');\n\n"
						}
					],
					"scriptBlockExecutionTimeout": "02:00:00"
				}
			},
			{
				"name": "AC_FEA_PullPolarisDataStructure",
				"description": "Pull Polaris CRM Source DB structure for every configured DW data set.",
				"type": "ForEach",
				"dependsOn": [
					{
						"activity": "AC_QRY_PolarisDBStructure",
						"dependencyConditions": [
							"Succeeded"
						]
					}
				],
				"userProperties": [],
				"typeProperties": {
					"items": {
						"value": "@activity('AC_QRY_PolarisDBStructure').output.resultSets[0].rows\n",
						"type": "Expression"
					},
					"activities": [
						{
							"name": "AC_QRY_PolarisDDLStructure",
							"description": "Pull configured POLARIS DW data sets table structure from POLARIS CRM",
							"type": "Script",
							"dependsOn": [],
							"policy": {
								"timeout": "0.12:00:00",
								"retry": 0,
								"retryIntervalInSeconds": 30,
								"secureOutput": false,
								"secureInput": false
							},
							"userProperties": [],
							"linkedServiceName": {
								"referenceName": "sql_polaris_uat",
								"type": "LinkedServiceReference"
							},
							"typeProperties": {
								"scripts": [
									{
										"parameters": [
											{
												"name": "Schema",
												"type": "String",
												"value": {
													"value": "@item().schema_name\n\n",
													"type": "Expression"
												},
												"direction": "Input"
											},
											{
												"name": "Table",
												"type": "String",
												"value": {
													"value": "@item().table_name",
													"type": "Expression"
												},
												"direction": "Input"
											}
										],
										"type": "Query",
										"text": "SELECT\tTABLE_SCHEMA,TABLE_NAME,COLUMN_NAME,DATA_TYPE,IS_NULLABLE,COLUMN_DEFAULT\nFROM INFORMATION_SCHEMA.COLUMNS\nwhere table_schema = @Schema and table_name = @Table;"
									}
								],
								"scriptBlockExecutionTimeout": "02:00:00"
							}
						},
						{
							"name": "AC_PL_DWRawLayerCreation",
							"description": "Child pipeline to be called to form the DDL for required data sets from Polaris CRM",
							"type": "ExecutePipeline",
							"dependsOn": [
								{
									"activity": "AC_QRY_PolarisDDLStructure",
									"dependencyConditions": [
										"Succeeded"
									]
								}
							],
							"policy": {
								"secureInput": false
							},
							"userProperties": [],
							"typeProperties": {
								"pipeline": {
									"referenceName": "PL_CH_DDL_DWRawLayerCreateStructure_STEP5",
									"type": "PipelineReference"
								},
								"waitOnCompletion": true,
								"parameters": {
									"pSqlStructure": {
										"value": "@activity('AC_QRY_PolarisDDLStructure').output.resultSets[0].rows",
										"type": "Expression"
									},
									"pSchemaName": {
										"value": "@item().schema_name",
										"type": "Expression"
									},
									"pTableName": {
										"value": "@item().table_name",
										"type": "Expression"
									}
								}
							}
						},
						{
							"name": "AC_SP_ExecuteDDL_RawLayer",
							"description": "Created the raw layer DW structure equivalent of Polaris CRM",
							"type": "Script",
							"dependsOn": [
								{
									"activity": "AC_PL_DWRawLayerCreation",
									"dependencyConditions": [
										"Succeeded"
									]
								}
							],
							"policy": {
								"timeout": "0.12:00:00",
								"retry": 0,
								"retryIntervalInSeconds": 30,
								"secureOutput": false,
								"secureInput": false
							},
							"userProperties": [],
							"linkedServiceName": {
								"referenceName": "snowflake_rinpnonprod_uat",
								"type": "LinkedServiceReference"
							},
							"typeProperties": {
								"scripts": [
									{
										"parameters": [
											{
												"name": "ParaPipeId",
												"type": "String",
												"value": {
													"value": "@pipeline().RunId",
													"type": "Expression"
												},
												"direction": "Input"
											},
											{
												"name": "ParaProg",
												"type": "String",
												"value": {
													"value": "@pipeline().Pipeline",
													"type": "Expression"
												},
												"direction": "Input"
											},
											{
												"name": "ParaScript",
												"type": "String",
												"value": {
													"value": "@activity('AC_PL_DWRawLayerCreation').output.pipelineReturnValue.Mapping_Schema_Raw\n",
													"type": "Expression"
												},
												"direction": "Input"
											},
											{
												"name": "ParaCurationScript",
												"type": "String",
												"value": {
													"value": "@activity('AC_PL_DWRawLayerCreation').output.pipelineReturnValue.Mapping_Schema_Curation\n",
													"type": "Expression"
												},
												"direction": "Input"
											}
										],
										"type": "Query",
										"text": {
											"value": "@concat('CALL ',pipeline().globalParameters.vGlobalEnv,'_',pipeline().globalParameters.vGlobalRaw,'.udp_PolarisDW_Raw_TableCreation(?,?,?,?);')",
											"type": "Expression"
										}
									}
								],
								"scriptBlockExecutionTimeout": "02:00:00"
							}
						},
						{
							"name": "AC_SP_ExecuteDS_RawLayer",
							"description": "Create DS Query statements in DatasetProcessMasterTbl",
							"type": "Script",
							"dependsOn": [
								{
									"activity": "AC_PL_DWRawLayerCreation",
									"dependencyConditions": [
										"Succeeded"
									]
								}
							],
							"policy": {
								"timeout": "0.12:00:00",
								"retry": 0,
								"retryIntervalInSeconds": 30,
								"secureOutput": false,
								"secureInput": false
							},
							"userProperties": [],
							"linkedServiceName": {
								"referenceName": "snowflake_rinpnonprod_uat",
								"type": "LinkedServiceReference"
							},
							"typeProperties": {
								"scripts": [
									{
										"parameters": [
											{
												"name": "ParaDataSetName",
												"type": "String",
												"value": {
													"value": "@concat(toUpper(item().schema_name),'_',toUpper(item().table_name))",
													"type": "Expression"
												},
												"direction": "Input"
											},
											{
												"name": "ParaDataSetDescr",
												"type": "String",
												"value": {
													"value": "@concat(toUpper(item().schema_name),' ',toUpper(item().table_name),' From POLARIS')",
													"type": "Expression"
												},
												"direction": "Input"
											},
											{
												"name": "ParaQueryScript",
												"type": "String",
												"value": {
													"value": "@activity('AC_PL_DWRawLayerCreation').output.pipelineReturnValue.Mapping_Schema_Query\n",
													"type": "Expression"
												},
												"direction": "Input"
											},
											{
												"name": "ParaFrequencyID",
												"type": "Int16",
												"value": "2",
												"direction": "Input"
											},
											{
												"name": "ParaLoadTypeID",
												"type": "Int16",
												"value": "1",
												"direction": "Input"
											},
											{
												"name": "ParaPipeId",
												"type": "String",
												"value": {
													"value": "@pipeline().RunId",
													"type": "Expression"
												},
												"direction": "Input"
											},
											{
												"name": "ParaProg",
												"type": "String",
												"value": {
													"value": "@pipeline().Pipeline",
													"type": "Expression"
												},
												"direction": "Input"
											}
										],
										"type": "Query",
										"text": {
											"value": "@concat('CALL ',pipeline().globalParameters.vGlobalEnv,'_',pipeline().globalParameters.vGlobalMetaEngine,'.udp_PolarisDW_RawDataSetCreation(?,?,?,?,?,?,?);')\n\n",
											"type": "Expression"
										}
									}
								],
								"scriptBlockExecutionTimeout": "02:00:00"
							}
						}
					]
				}
			}
		],
		"folder": {
			"name": "DevSpace"
		},
		"annotations": []
	}
}