{
	"name": "PL_MR_META_POLARISDS_SHAREPOINT_BLOB_STEP1",
	"properties": {
		"activities": [
			{
				"name": "AC_WEB_ConnectToRIPSharepoint",
				"description": "DW Meta Data configuration files kept in Share point, Web activity to get the token.",
				"type": "WebActivity",
				"dependsOn": [],
				"policy": {
					"timeout": "0.12:00:00",
					"retry": 0,
					"retryIntervalInSeconds": 30,
					"secureOutput": false,
					"secureInput": false
				},
				"userProperties": [],
				"typeProperties": {
					"method": "POST",
					"headers": {
						"Content-Type": "application/x-www-form-urlencoded"
					},
					"url": "https://accounts.accesscontrol.windows.net/3d97076e-80d1-41ff-9ebb-3c9d9ee234ad/tokens/OAuth/2",
					"connectVia": {
						"referenceName": "AutoResolveIntegrationRuntime",
						"type": "IntegrationRuntimeReference"
					},
					"body": {
						"value": "grant_type=client_credentials&client_id= 9d020e33-7fa3-432a-b627-74d20f7ac43e@3d97076e-80d1-41ff-9ebb-3c9d9ee234ad&client_secret= F2u8Q~Hl5r1qR5nPd61eCXaJKZFX0bA8gcjwlaDE&resource=00000003-0000-0ff1-ce00-000000000000/reedglobal.sharepoint.com@3d97076e-80d1-41ff-9ebb-3c9d9ee234ad\n",
						"type": "Expression"
					}
				}
			},
			{
				"name": "AC_CPY_PolarisDataSetsConfigExcel",
				"description": "Copy the excel file which has required Polaris data sets for DW to Blob in Binary.",
				"type": "Copy",
				"dependsOn": [
					{
						"activity": "AC_WEB_ConnectToRIPSharepoint",
						"dependencyConditions": [
							"Succeeded"
						]
					}
				],
				"policy": {
					"timeout": "0.12:00:00",
					"retry": 0,
					"retryIntervalInSeconds": 30,
					"secureOutput": false,
					"secureInput": false
				},
				"userProperties": [],
				"typeProperties": {
					"source": {
						"type": "BinarySource",
						"storeSettings": {
							"type": "HttpReadSettings",
							"requestMethod": "GET",
							"additionalHeaders": {
								"value": "@{concat('Authorization: Bearer ', activity('AC_WEB_ConnectToRIPSharepoint').output.access_token)}",
								"type": "Expression"
							},
							"requestTimeout": ""
						},
						"formatSettings": {
							"type": "BinaryReadSettings"
						}
					},
					"sink": {
						"type": "BinarySink",
						"storeSettings": {
							"type": "AzureBlobStorageWriteSettings"
						}
					},
					"enableStaging": false,
					"logSettings": {
						"enableCopyActivityLog": true,
						"copyActivityLogSettings": {
							"logLevel": "Info",
							"enableReliableLogging": false
						},
						"logLocationSettings": {
							"linkedServiceName": {
								"referenceName": "ls_storage",
								"type": "LinkedServiceReference"
							},
							"path": {
								"value": "@concat('snowflakestaging/',variables('vLogPath'))",
								"type": "Expression"
							}
						}
					}
				},
				"inputs": [
					{
						"referenceName": "DS_PolarisSharepointDW",
						"type": "DatasetReference"
					}
				],
				"outputs": [
					{
						"referenceName": "DS_PolarisBlobConfigBinaryDW",
						"type": "DatasetReference"
					}
				]
			},
			{
				"name": "AC_PL_PolarisAuditInsert",
				"description": "Capture the audit events",
				"type": "ExecutePipeline",
				"dependsOn": [
					{
						"activity": "AC_CPY_PolarisDataSetsConfigExcel",
						"dependencyConditions": [
							"Succeeded"
						]
					}
				],
				"policy": {
					"secureInput": false
				},
				"userProperties": [],
				"typeProperties": {
					"pipeline": {
						"referenceName": "PL_CH_DML_INSERT_PolarisAudit",
						"type": "PipelineReference"
					},
					"waitOnCompletion": true,
					"parameters": {
						"Para_PipelineRunId": {
							"value": "@pipeline().RunId",
							"type": "Expression"
						},
						"Para_DatasetId": {
							"value": "2",
							"type": "Expression"
						},
						"Para_ProgramUnitName": {
							"value": "@pipeline().Pipeline",
							"type": "Expression"
						},
						"Para_JobStatus": {
							"value": "@activity('AC_CPY_PolarisDataSetsConfigExcel').output.executionDetails[0].status",
							"type": "Expression"
						},
						"Para_ProcessedRecordCount": {
							"value": "NULL",
							"type": "Expression"
						},
						"Para_RejectedRecordCount": {
							"value": "NULL",
							"type": "Expression"
						},
						"Para_Comments": {
							"value": "@concat('AC_CPY_PolarisDataSetsConfigExcel Total Billable Duration..',activity('AC_CPY_PolarisDataSetsConfigExcel').output.billingReference.totalBillableDuration[0].duration)",
							"type": "Expression"
						},
						"Para_SizeOfDataRead": {
							"value": "@activity('AC_CPY_PolarisDataSetsConfigExcel').output.dataRead",
							"type": "Expression"
						},
						"Para_SizeOfDataWritten": {
							"value": "@activity('AC_CPY_PolarisDataSetsConfigExcel').output.dataWritten",
							"type": "Expression"
						},
						"Para_Duration": {
							"value": "@activity('AC_CPY_PolarisDataSetsConfigExcel').output.copyDuration",
							"type": "Expression"
						},
						"Para_JobStage": {
							"value": "DW STEP1 READ DWCONFIG FROM SHAREPOINT",
							"type": "Expression"
						}
					}
				}
			},
			{
				"name": "AC_PL_PolarisErrorTrace",
				"type": "ExecutePipeline",
				"dependsOn": [
					{
						"activity": "AC_SV_CaptureError",
						"dependencyConditions": [
							"Succeeded"
						]
					}
				],
				"policy": {
					"secureInput": false
				},
				"userProperties": [],
				"typeProperties": {
					"pipeline": {
						"referenceName": "PL_CH_DML_INSERT_PolarisError",
						"type": "PipelineReference"
					},
					"waitOnCompletion": true,
					"parameters": {
						"Para_PipelineRunId": {
							"value": "@pipeline().RunId",
							"type": "Expression"
						},
						"Para_JobStage": {
							"value": "DW STEP1 READ DWCONFIG FROM SHAREPOINT",
							"type": "Expression"
						},
						"Para_ErrorSeverity": {
							"value": "AC_CPY_PolarisDataSetsConfigExcel Fatal error - From Sharepoint",
							"type": "Expression"
						},
						"Para_ErrorProgramUnitName": {
							"value": "@pipeline().Pipeline",
							"type": "Expression"
						},
						"Para_ErrorMessage": {
							"value": "@variables('vErrorMsg')",
							"type": "Expression"
						}
					}
				}
			},
			{
				"name": "AC_SV_CaptureError",
				"type": "SetVariable",
				"dependsOn": [
					{
						"activity": "AC_CPY_PolarisDataSetsConfigExcel",
						"dependencyConditions": [
							"Failed"
						]
					},
					{
						"activity": "AC_PL_PolarisAuditInsert",
						"dependencyConditions": [
							"Failed"
						]
					}
				],
				"policy": {
					"secureOutput": false,
					"secureInput": false
				},
				"userProperties": [],
				"typeProperties": {
					"variableName": "vErrorMsg",
					"value": {
						"value": "@concat(activity('AC_CPY_PolarisDataSetsConfigExcel').Error.message,'..', activity('AC_PL_PolarisAuditInsert').Error.message)",
						"type": "Expression"
					}
				}
			}
		],
		"variables": {
			"vSchema": {
				"type": "String"
			},
			"vTable": {
				"type": "String"
			},
			"vErrorMsg": {
				"type": "String"
			},
			"vLogPath": {
				"type": "String",
				"defaultValue": "DWConfig_Log"
			}
		},
		"folder": {
			"name": "PL_PolarisDW/DWMetaDataEngine"
		},
		"annotations": []
	}
}