{
	"name": "PL_MR_DML_PolarisDWRawLayer_FullRefresh_STEP0",
	"properties": {
		"description": "Data pipeline to kick start for a miden run or whenever a need for full refresh to raw layer.",
		"activities": [
			{
				"name": "AC_SV_DataSetMasterTable",
				"description": "Fully qualified name assembly to refer DATASETPROCESSMASTERTBL",
				"type": "SetVariable",
				"dependsOn": [],
				"policy": {
					"secureOutput": false,
					"secureInput": false
				},
				"userProperties": [],
				"typeProperties": {
					"variableName": "vMetaSchemaProcessMstr",
					"value": {
						"value": "@concat(pipeline().globalParameters.vGlobalEnv,'_',pipeline().globalParameters.vGlobalMetaEngine,'.','DATASETPROCESSMASTERTBL')",
						"type": "Expression"
					}
				}
			},
			{
				"name": "AC_IF_ValidateMaidenRun",
				"description": "Ensure the run is qualified for Maiden/Full refresh.",
				"type": "IfCondition",
				"dependsOn": [
					{
						"activity": "AC_QRY_CheckFullRefreshRequired",
						"dependencyConditions": [
							"Succeeded"
						]
					}
				],
				"userProperties": [],
				"typeProperties": {
					"expression": {
						"value": "@greater(activity('AC_QRY_CheckFullRefreshRequired').output.resultSets[0].rows[0].NoOfDS,0)\n\n",
						"type": "Expression"
					},
					"ifFalseActivities": [
						{
							"name": "AC_PL_PolarisAuditInsert",
							"description": "Capture the audit events",
							"type": "ExecutePipeline",
							"dependsOn": [],
							"policy": {
								"secureInput": false
							},
							"userProperties": [],
							"typeProperties": {
								"pipeline": {
									"referenceName": "PL_CH_DML_INSERT_PolarisAudit",
									"type": "PipelineReference"
								},
								"waitOnCompletion": true,
								"parameters": {
									"Para_PipelineRunId": {
										"value": "@pipeline().RunId",
										"type": "Expression"
									},
									"Para_DatasetId": {
										"value": "1",
										"type": "Expression"
									},
									"Para_ProgramUnitName": {
										"value": "@pipeline().Pipeline",
										"type": "Expression"
									},
									"Para_JobStatus": {
										"value": "Completed - AC_FEA_PullPolarisDataStructure",
										"type": "Expression"
									},
									"Para_ProcessedRecordCount": {
										"value": "@activity('AC_QRY_CheckFullRefreshRequired').output.resultSetCount",
										"type": "Expression"
									},
									"Para_RejectedRecordCount": {
										"value": "0",
										"type": "Expression"
									},
									"Para_Comments": {
										"value": "Polaris DW Full refresh data sets does not exist",
										"type": "Expression"
									},
									"Para_SizeOfDataRead": {
										"value": "0",
										"type": "Expression"
									},
									"Para_SizeOfDataWritten": {
										"value": "0",
										"type": "Expression"
									},
									"Para_Duration": {
										"value": "@string(activity('AC_QRY_CheckFullRefreshRequired').Duration)",
										"type": "Expression"
									},
									"Para_JobStage": {
										"value": "DW STEP0 FULL Refresh of Polaris Data to Raw Structure - No qualified records ",
										"type": "Expression"
									}
								}
							}
						}
					],
					"ifTrueActivities": [
						{
							"name": "AC_PL_DML_INSERT_DWRawLayer_STEP5",
							"description": "\nInvoke the copy pipeline to raw layer of DW - Full refresh.",
							"type": "ExecutePipeline",
							"dependsOn": [],
							"policy": {
								"secureInput": false
							},
							"userProperties": [],
							"typeProperties": {
								"pipeline": {
									"referenceName": "PL_MR_DML_INSERT_DWRawLayer_Delta_STEP5_DFTry",
									"type": "PipelineReference"
								},
								"waitOnCompletion": true
							}
						},
						{
							"name": "AC_SV_OutputCapture",
							"description": "Capture Previous activity output message",
							"type": "SetVariable",
							"dependsOn": [
								{
									"activity": "AC_DML_ResetMaidenRun",
									"dependencyConditions": [
										"Failed"
									]
								}
							],
							"policy": {
								"secureOutput": false,
								"secureInput": false
							},
							"userProperties": [],
							"typeProperties": {
								"variableName": "vOuputMsg",
								"value": {
									"value": "@activity('AC_PL_DML_INSERT_DWRawLayer_STEP5').Error.message",
									"type": "Expression"
								}
							}
						},
						{
							"name": "AC_DML_ResetMaidenRun",
							"description": "Reset the maiden run (Full refresh)",
							"type": "Script",
							"dependsOn": [
								{
									"activity": "AC_PL_DML_INSERT_DWRawLayer_STEP5",
									"dependencyConditions": [
										"Succeeded"
									]
								}
							],
							"policy": {
								"timeout": "0.12:00:00",
								"retry": 0,
								"retryIntervalInSeconds": 30,
								"secureOutput": false,
								"secureInput": false
							},
							"userProperties": [],
							"linkedServiceName": {
								"referenceName": "ls_snowflake",
								"type": "LinkedServiceReference"
							},
							"typeProperties": {
								"scripts": [
									{
										"type": "NonQuery",
										"text": {
											"value": "@concat('UPDATE ' ,\n         variables('vMetaSchemaProcessMstr'),\n         ' SET MAIDENLOAD = ''N'' ' ,\n         'WHERE MAIDENLOAD = ''Y'' AND ACTIVEFLG = ''Y''')\n        \n         ",
											"type": "Expression"
										}
									}
								],
								"scriptBlockExecutionTimeout": "02:00:00"
							}
						},
						{
							"name": "AC_SV_OutputMsg_PL",
							"description": "Previous pipeline activity output message",
							"type": "SetVariable",
							"dependsOn": [
								{
									"activity": "AC_PL_DML_INSERT_DWRawLayer_STEP5",
									"dependencyConditions": [
										"Succeeded"
									]
								}
							],
							"policy": {
								"secureOutput": false,
								"secureInput": false
							},
							"userProperties": [],
							"typeProperties": {
								"variableName": "vPipelineOutputMsg",
								"value": {
									"value": "@string(activity('AC_PL_DML_INSERT_DWRawLayer_STEP5'))",
									"type": "Expression"
								}
							}
						}
					]
				}
			},
			{
				"name": "AC_QRY_CheckFullRefreshRequired",
				"description": "Check this run is a maiden run (Full refresh)",
				"type": "Script",
				"dependsOn": [
					{
						"activity": "AC_SV_DataSetMasterTable",
						"dependencyConditions": [
							"Succeeded"
						]
					}
				],
				"policy": {
					"timeout": "0.12:00:00",
					"retry": 0,
					"retryIntervalInSeconds": 30,
					"secureOutput": false,
					"secureInput": false
				},
				"userProperties": [],
				"linkedServiceName": {
					"referenceName": "ls_snowflake",
					"type": "LinkedServiceReference"
				},
				"typeProperties": {
					"scripts": [
						{
							"type": "Query",
							"text": {
								"value": "@concat('SELECT count(DATASETID) AS NoOfDS FROM ',variables('vMetaSchemaProcessMstr'),' WHERE maidenload = ''Y'' AND ACTIVEFLG = ''Y'' AND DatasetType = ''SQL'' AND DWSINKSTRUCTURE = ''Y''')      \n\n",
								"type": "Expression"
							}
						}
					],
					"scriptBlockExecutionTimeout": "02:00:00"
				}
			},
			{
				"name": "AC_PL_PolarisErrorTrace",
				"type": "ExecutePipeline",
				"dependsOn": [
					{
						"activity": "AC_IF_ValidateMaidenRun",
						"dependencyConditions": [
							"Failed"
						]
					}
				],
				"policy": {
					"secureInput": false
				},
				"userProperties": [],
				"typeProperties": {
					"pipeline": {
						"referenceName": "PL_CH_DML_INSERT_PolarisError",
						"type": "PipelineReference"
					},
					"waitOnCompletion": true,
					"parameters": {
						"Para_PipelineRunId": {
							"value": "@pipeline().RunId",
							"type": "Expression"
						},
						"Para_JobStage": {
							"value": "DW STEP0 FULL Refresh of Polaris Data to Raw Structure",
							"type": "Expression"
						},
						"Para_ErrorSeverity": {
							"value": "AC_IF_ValidateMaidenRun Inner activity Failed",
							"type": "Expression"
						},
						"Para_ErrorProgramUnitName": {
							"value": "@pipeline().Pipeline",
							"type": "Expression"
						},
						"Para_ErrorMessage": {
							"value": "@variables('vOuputMsg')",
							"type": "Expression"
						}
					}
				}
			}
		],
		"variables": {
			"vOuputMsg": {
				"type": "String"
			},
			"vMetaSchemaProcessMstr": {
				"type": "String"
			},
			"vPipelineOutputMsg": {
				"type": "String"
			}
		},
		"folder": {
			"name": "OriginalVer"
		},
		"annotations": []
	}
}