{
	"name": "PL_MR_CONFIG_POLARISDW_STEP2_NotInUse",
	"properties": {
		"activities": [
			{
				"name": "AC_CPY_PolarisConfigExcelFromBlob",
				"description": "Copy the DW configuration excel to Snowflake",
				"type": "Copy",
				"dependsOn": [],
				"policy": {
					"timeout": "0.12:00:00",
					"retry": 0,
					"retryIntervalInSeconds": 30,
					"secureOutput": false,
					"secureInput": false
				},
				"userProperties": [],
				"typeProperties": {
					"source": {
						"type": "ExcelSource",
						"storeSettings": {
							"type": "AzureBlobStorageReadSettings",
							"recursive": true
						}
					},
					"sink": {
						"type": "SnowflakeSink",
						"importSettings": {
							"type": "SnowflakeImportCopyCommand"
						}
					},
					"enableStaging": true,
					"stagingSettings": {
						"linkedServiceName": {
							"referenceName": "storage_staging_uat",
							"type": "LinkedServiceReference"
						},
						"path": "snowflakestaging"
					}
				},
				"inputs": [
					{
						"referenceName": "DS_PolarisBlobConfigExcelDW",
						"type": "DatasetReference"
					}
				],
				"outputs": [
					{
						"referenceName": "DS_PolarisSnowflakeDW_Orig",
						"type": "DatasetReference",
						"parameters": {
							"DWSchema": {
								"value": "@concat(pipeline().globalParameters.vGlobalEnv,'_',pipeline().globalParameters.vGlobalMetaEngine)",
								"type": "Expression"
							},
							"DWTable": "DATASETPROCESSMASTERTBL"
						}
					}
				]
			},
			{
				"name": "AC_PL_PolarisAuditInsert",
				"description": "Capture the audit events",
				"type": "ExecutePipeline",
				"dependsOn": [
					{
						"activity": "AC_CPY_PolarisConfigExcelFromBlob",
						"dependencyConditions": [
							"Succeeded"
						]
					}
				],
				"policy": {
					"secureInput": false
				},
				"userProperties": [],
				"typeProperties": {
					"pipeline": {
						"referenceName": "PL_CH_DML_INSERT_PolarisAudit",
						"type": "PipelineReference"
					},
					"waitOnCompletion": true,
					"parameters": {
						"Para_PipelineRunId": {
							"value": "@pipeline().RunId",
							"type": "Expression"
						},
						"Para_DatasetId": 1,
						"Para_ProgramUnitName": {
							"value": "@pipeline().Pipeline",
							"type": "Expression"
						},
						"Para_JobStatus": {
							"value": "activity('AC_CPY_PolarisDataSetsConfigExcel').output.executionDetails[0].status",
							"type": "Expression"
						},
						"Para_ProcessedRecordCount": {
							"value": "@activity('AC_CPY_PolarisConfigExcelFromBlob').output.filesRead",
							"type": "Expression"
						},
						"Para_RejectedRecordCount": 0,
						"Para_Comments": {
							"value": "@concat('Total Billable Duration..',activity('AC_CPY_PolarisConfigExcelFromBlob').output.billingReference.totalBillableDuration[0].duration)",
							"type": "Expression"
						},
						"Para_SizeOfDataRead": {
							"value": "@activity('AC_CPY_PolarisConfigExcelFromBlob').output.dataRead",
							"type": "Expression"
						},
						"Para_SizeOfDataWritten": {
							"value": "@activity('AC_CPY_PolarisConfigExcelFromBlob').output.dataWritten",
							"type": "Expression"
						},
						"Para_Duration": {
							"value": "@activity('AC_CPY_PolarisConfigExcelFromBlob').output.copyDuration",
							"type": "Expression"
						},
						"Para_JobStage": {
							"value": "@pipeline().globalParameters.vGlobalMetaDS",
							"type": "Expression"
						}
					}
				}
			}
		],
		"folder": {
			"name": "DevSpace"
		},
		"annotations": []
	}
}