{
	"name": "PL_MR_DDL_DWRawLayerCRMStructure_STEP3_Orig",
	"properties": {
		"activities": [
			{
				"name": "AC_QRY_PolarisDBStructure",
				"description": "Pull configured POLARIS DW data sets from POLARIS CRM where Raw structure does not exist.",
				"type": "Script",
				"dependsOn": [
					{
						"activity": "AC_SV_DataSetMasterTable",
						"dependencyConditions": [
							"Succeeded"
						]
					}
				],
				"policy": {
					"timeout": "0.12:00:00",
					"retry": 0,
					"retryIntervalInSeconds": 30,
					"secureOutput": false,
					"secureInput": false
				},
				"userProperties": [],
				"linkedServiceName": {
					"referenceName": "snowflake_rinpnonprod_uat",
					"type": "LinkedServiceReference"
				},
				"typeProperties": {
					"scripts": [
						{
							"type": "Query",
							"text": {
								"value": "@concat('SELECT distinct split_part(datasetname,''.'',1) as schema_name, ','split_part(datasetname,''.'',2) as table_name,','datasetname FROM ',variables('vMetaSchemaProcessMstr'),' WHERE ACTIVEFLG = ''Y'' AND DWSinkStructure = ''N''')",
								"type": "Expression"
							}
						}
					],
					"scriptBlockExecutionTimeout": "02:00:00"
				}
			},
			{
				"name": "AC_FEA_PullPolarisDataStructure",
				"description": "Pull Polaris CRM Source DB structure for every configured DW data set.",
				"type": "ForEach",
				"dependsOn": [
					{
						"activity": "AC_QRY_PolarisDBStructure",
						"dependencyConditions": [
							"Succeeded"
						]
					}
				],
				"userProperties": [],
				"typeProperties": {
					"items": {
						"value": "@activity('AC_QRY_PolarisDBStructure').output.resultSets[0].rows\n",
						"type": "Expression"
					},
					"activities": [
						{
							"name": "AC_QRY_PolarisDDLStructure",
							"description": "Pull configured POLARIS DW data sets table structure from POLARIS CRM",
							"type": "Script",
							"dependsOn": [],
							"policy": {
								"timeout": "0.12:00:00",
								"retry": 0,
								"retryIntervalInSeconds": 30,
								"secureOutput": false,
								"secureInput": false
							},
							"userProperties": [],
							"linkedServiceName": {
								"referenceName": "sql_polaris_uat",
								"type": "LinkedServiceReference"
							},
							"typeProperties": {
								"scripts": [
									{
										"parameters": [
											{
												"name": "Schema",
												"type": "String",
												"value": {
													"value": "@item().schema_name\n\n",
													"type": "Expression"
												},
												"direction": "Input"
											},
											{
												"name": "Table",
												"type": "String",
												"value": {
													"value": "@item().table_name",
													"type": "Expression"
												},
												"direction": "Input"
											}
										],
										"type": "Query",
										"text": "SELECT\tTABLE_SCHEMA,TABLE_NAME,COLUMN_NAME,DATA_TYPE,IS_NULLABLE,COLUMN_DEFAULT\nFROM INFORMATION_SCHEMA.COLUMNS\nwhere table_schema = @Schema and table_name = @Table;"
									}
								],
								"scriptBlockExecutionTimeout": "02:00:00"
							}
						},
						{
							"name": "AC_SV_CaptureError",
							"type": "SetVariable",
							"dependsOn": [
								{
									"activity": "AC_QRY_PolarisDDLStructure",
									"dependencyConditions": [
										"Failed"
									]
								}
							],
							"policy": {
								"secureOutput": false,
								"secureInput": false
							},
							"userProperties": [],
							"typeProperties": {
								"variableName": "vErrorMsg",
								"value": {
									"value": "@activity('AC_QRY_PolarisDDLStructure').Error.message",
									"type": "Expression"
								}
							}
						},
						{
							"name": "AC_IF_PolarisDDLStructure",
							"type": "IfCondition",
							"dependsOn": [
								{
									"activity": "AC_QRY_PolarisDDLStructure",
									"dependencyConditions": [
										"Succeeded"
									]
								}
							],
							"userProperties": [],
							"typeProperties": {
								"expression": {
									"value": "@greater(activity('AC_QRY_PolarisDDLStructure').output.resultSetCount,0)",
									"type": "Expression"
								},
								"ifFalseActivities": [
									{
										"name": "AC_SV_InvalidPolarisDS",
										"description": "To check the validity of Polaris CRM Structure",
										"type": "SetVariable",
										"dependsOn": [],
										"policy": {
											"secureOutput": false,
											"secureInput": false
										},
										"userProperties": [],
										"typeProperties": {
											"variableName": "vErrorMsg",
											"value": {
												"value": "@concat(item().datasetname, ' - No Record Found in Polaris CRM Database')",
												"type": "Expression"
											}
										}
									},
									{
										"name": "AC_PL_PolarisInvalidDSTrace",
										"description": "Log the error related to invalid POLARIS CRM Structure",
										"type": "ExecutePipeline",
										"dependsOn": [
											{
												"activity": "AC_SV_InvalidPolarisDS",
												"dependencyConditions": [
													"Succeeded"
												]
											}
										],
										"policy": {
											"secureInput": false
										},
										"userProperties": [],
										"typeProperties": {
											"pipeline": {
												"referenceName": "PL_CH_DML_INSERT_PolarisError",
												"type": "PipelineReference"
											},
											"waitOnCompletion": true,
											"parameters": {
												"Para_PipelineRunId": {
													"value": "@pipeline().RunId",
													"type": "Expression"
												},
												"Para_JobStage": {
													"value": "DW STEP3-AC_FEA_PullActivePolarisDataSet",
													"type": "Expression"
												},
												"Para_ErrorSeverity": {
													"value": "AC_FEA_PullPolarisDataStructure Fatal Error",
													"type": "Expression"
												},
												"Para_ErrorProgramUnitName": {
													"value": "@pipeline().Pipeline",
													"type": "Expression"
												},
												"Para_ErrorMessage": {
													"value": "@variables('vErrorMsg')",
													"type": "Expression"
												}
											}
										}
									},
									{
										"name": "AC_DML_UpdateDWSinkStrutoError",
										"description": "Update DatasetProcessMasterTbl DWStructure status to E to all Error records",
										"type": "Script",
										"dependsOn": [
											{
												"activity": "AC_PL_PolarisInvalidDSTrace",
												"dependencyConditions": [
													"Succeeded"
												]
											}
										],
										"policy": {
											"timeout": "0.12:00:00",
											"retry": 0,
											"retryIntervalInSeconds": 30,
											"secureOutput": false,
											"secureInput": false
										},
										"userProperties": [],
										"linkedServiceName": {
											"referenceName": "snowflake_rinpnonprod_uat",
											"type": "LinkedServiceReference"
										},
										"typeProperties": {
											"scripts": [
												{
													"type": "Query",
													"text": {
														"value": "@concat('UPDATE ' ,\n         variables('vMetaSchemaProcessMstr'),\n         ' SET DWSinkStructure = ''E'', ACTIVEFLG = ''N'' ' ,\n         'WHERE DWSinkStructure = ''N''', ' AND DATASETNAME = ','''',item().datasetname,'''')\n        \n         ",
														"type": "Expression"
													}
												}
											],
											"scriptBlockExecutionTimeout": "02:00:00"
										}
									}
								],
								"ifTrueActivities": [
									{
										"name": "AC_PL_DWRawLayerCreation",
										"description": "Child pipeline to form the DDL for required data sets from Polaris CRM",
										"type": "ExecutePipeline",
										"dependsOn": [],
										"policy": {
											"secureInput": false
										},
										"userProperties": [],
										"typeProperties": {
											"pipeline": {
												"referenceName": "PL_CH_DDL_DWRawLayerCreateStructure_STEP5",
												"type": "PipelineReference"
											},
											"waitOnCompletion": true,
											"parameters": {
												"pSqlStructure": {
													"value": "@activity('AC_QRY_PolarisDDLStructure').output.resultSets[0].rows",
													"type": "Expression"
												},
												"pSchemaName": {
													"value": "@item().schema_name",
													"type": "Expression"
												},
												"pTableName": {
													"value": "@item().table_name",
													"type": "Expression"
												}
											}
										}
									},
									{
										"name": "AC_SP_ExecuteDDL_RawLayer",
										"description": "Created the raw layer DW structure equivalent of Polaris CRM",
										"type": "Script",
										"dependsOn": [
											{
												"activity": "AC_PL_DWRawLayerCreation",
												"dependencyConditions": [
													"Succeeded"
												]
											}
										],
										"policy": {
											"timeout": "0.12:00:00",
											"retry": 0,
											"retryIntervalInSeconds": 30,
											"secureOutput": false,
											"secureInput": false
										},
										"userProperties": [],
										"linkedServiceName": {
											"referenceName": "snowflake_rinpnonprod_uat",
											"type": "LinkedServiceReference"
										},
										"typeProperties": {
											"scripts": [
												{
													"parameters": [
														{
															"name": "ParaPipeId",
															"type": "String",
															"value": {
																"value": "@pipeline().RunId",
																"type": "Expression"
															},
															"direction": "Input"
														},
														{
															"name": "ParaProg",
															"type": "String",
															"value": {
																"value": "@pipeline().Pipeline",
																"type": "Expression"
															},
															"direction": "Input"
														},
														{
															"name": "ParaScript",
															"type": "String",
															"value": {
																"value": "@activity('AC_PL_DWRawLayerCreation').output.pipelineReturnValue.Mapping_Schema_Raw\n",
																"type": "Expression"
															},
															"direction": "Input"
														},
														{
															"name": "ParaCurationScript",
															"type": "String",
															"value": {
																"value": "@activity('AC_PL_DWRawLayerCreation').output.pipelineReturnValue.Mapping_Schema_Curation\n",
																"type": "Expression"
															},
															"direction": "Input"
														},
														{
															"name": "ParaTargetEnv",
															"type": "String",
															"value": {
																"value": "@pipeline().globalParameters.vGlobalEnv",
																"type": "Expression"
															},
															"direction": "Input"
														},
														{
															"name": "ParaRawSchema",
															"type": "String",
															"value": {
																"value": "@pipeline().globalParameters.vGlobalRaw",
																"type": "Expression"
															},
															"direction": "Input"
														},
														{
															"name": "ParaMetaSchema",
															"type": "String",
															"value": {
																"value": "@pipeline().globalParameters.vGlobalMetaEngine",
																"type": "Expression"
															},
															"direction": "Input"
														},
														{
															"name": "ParaTableName",
															"type": "String",
															"value": {
																"value": "@concat(toUpper(item().schema_name),'_',toUpper(item().table_name),'_',pipeline().globalParameters.vGlobalRawDS)",
																"type": "Expression"
															},
															"direction": "Input"
														}
													],
													"type": "Query",
													"text": {
														"value": "@concat('CALL ',pipeline().globalParameters.vGlobalEnv,'_',pipeline().globalParameters.vGlobalRaw,'.udp_PolarisDW_Raw_TableCreation(?,?,?,?,?,?,?,?);')",
														"type": "Expression"
													}
												}
											],
											"scriptBlockExecutionTimeout": "02:00:00"
										}
									},
									{
										"name": "AC_DML_UpdateDWSinkStructure",
										"description": "Update DatasetProcessMasterTbl DWSink Structure status to Y to all processed records.",
										"type": "Script",
										"dependsOn": [
											{
												"activity": "AC_SP_ExecuteDDL_RawLayer",
												"dependencyConditions": [
													"Succeeded"
												]
											}
										],
										"policy": {
											"timeout": "0.12:00:00",
											"retry": 0,
											"retryIntervalInSeconds": 30,
											"secureOutput": false,
											"secureInput": false
										},
										"userProperties": [],
										"linkedServiceName": {
											"referenceName": "snowflake_rinpnonprod_uat",
											"type": "LinkedServiceReference"
										},
										"typeProperties": {
											"scripts": [
												{
													"type": "Query",
													"text": {
														"value": "@concat('UPDATE ' ,\n         variables('vMetaSchemaProcessMstr'),\n         ' SET DWSinkStructure = ''Y'' ' ,\n         'WHERE DWSinkStructure = ''N''', ' AND DATASETNAME = ','''',item().datasetname,'''')      \n    ",
														"type": "Expression"
													}
												}
											],
											"scriptBlockExecutionTimeout": "02:00:00"
										}
									},
									{
										"name": "AC_PL_PolarisAuditInsert_YesDWSink",
										"description": "Capture the audit events",
										"type": "ExecutePipeline",
										"dependsOn": [
											{
												"activity": "AC_DML_UpdateDWSinkStructure",
												"dependencyConditions": [
													"Succeeded"
												]
											}
										],
										"policy": {
											"secureInput": false
										},
										"userProperties": [],
										"typeProperties": {
											"pipeline": {
												"referenceName": "PL_CH_DML_INSERT_PolarisAudit",
												"type": "PipelineReference"
											},
											"waitOnCompletion": true,
											"parameters": {
												"Para_PipelineRunId": {
													"value": "@pipeline().RunId",
													"type": "Expression"
												},
												"Para_DatasetId": {
													"value": "1",
													"type": "Expression"
												},
												"Para_ProgramUnitName": {
													"value": "@pipeline().Pipeline",
													"type": "Expression"
												},
												"Para_JobStatus": {
													"value": "Succeeded - AC_DML_UpdateDWSinkStructure",
													"type": "Expression"
												},
												"Para_ProcessedRecordCount": {
													"value": "@activity('AC_SP_ExecuteDDL_RawLayer').output.recordsAffected\n\n",
													"type": "Expression"
												},
												"Para_RejectedRecordCount": {
													"value": "0",
													"type": "Expression"
												},
												"Para_Comments": {
													"value": "@concat(item().datasetname, ' Raw Schema Structure Completed ')",
													"type": "Expression"
												},
												"Para_SizeOfDataRead": {
													"value": "0",
													"type": "Expression"
												},
												"Para_SizeOfDataWritten": {
													"value": "0",
													"type": "Expression"
												},
												"Para_Duration": {
													"value": "@activity('AC_DML_UpdateDWSinkStructure').Duration\n",
													"type": "Expression"
												},
												"Para_JobStage": {
													"value": "@concat(toUpper(item().schema_name),'_',toUpper(item().table_name),'_',pipeline().globalParameters.vGlobalRawDS, ' - DW STEP3 RAW Table Objects Creation')",
													"type": "Expression"
												}
											}
										}
									}
								]
							}
						},
						{
							"name": "AC_SV_CaptureError_FEA",
							"type": "SetVariable",
							"dependsOn": [
								{
									"activity": "AC_IF_PolarisDDLStructure",
									"dependencyConditions": [
										"Failed"
									]
								}
							],
							"policy": {
								"secureOutput": false,
								"secureInput": false
							},
							"userProperties": [],
							"typeProperties": {
								"variableName": "vErrorMsg",
								"value": {
									"value": "@concat(item(),' AC_FEA_PullPolarisDataStructure Failed')",
									"type": "Expression"
								}
							}
						},
						{
							"name": "AC_PL_PolarisErrorTrace_AC_IF",
							"type": "ExecutePipeline",
							"dependsOn": [
								{
									"activity": "AC_SV_CaptureError_FEA",
									"dependencyConditions": [
										"Succeeded"
									]
								},
								{
									"activity": "AC_SV_CaptureError",
									"dependencyConditions": [
										"Succeeded"
									]
								}
							],
							"policy": {
								"secureInput": false
							},
							"userProperties": [],
							"typeProperties": {
								"pipeline": {
									"referenceName": "PL_CH_DML_INSERT_PolarisError",
									"type": "PipelineReference"
								},
								"waitOnCompletion": true,
								"parameters": {
									"Para_PipelineRunId": {
										"value": "@pipeline().RunId",
										"type": "Expression"
									},
									"Para_JobStage": {
										"value": "DW STEP3 RAW Table Objects Creation",
										"type": "Expression"
									},
									"Para_ErrorSeverity": {
										"value": "AC_FEA_PullPolarisDataStructure Fatal Error",
										"type": "Expression"
									},
									"Para_ErrorProgramUnitName": {
										"value": "@pipeline().Pipeline",
										"type": "Expression"
									},
									"Para_ErrorMessage": {
										"value": "@variables('vErrorMsg')\n",
										"type": "Expression"
									}
								}
							}
						}
					]
				}
			},
			{
				"name": "AC_SV_DataSetMasterTable",
				"description": "Fully qualified name assembly to refer DATASETPROCESSMASTERTBL",
				"type": "SetVariable",
				"dependsOn": [],
				"policy": {
					"secureOutput": false,
					"secureInput": false
				},
				"userProperties": [],
				"typeProperties": {
					"variableName": "vMetaSchemaProcessMstr",
					"value": {
						"value": "@concat(pipeline().globalParameters.vGlobalEnv,'_',pipeline().globalParameters.vGlobalMetaEngine,'.','DATASETPROCESSMASTERTBL')",
						"type": "Expression"
					}
				}
			},
			{
				"name": "AC_PL_PolarisErrorTrace",
				"type": "ExecutePipeline",
				"dependsOn": [
					{
						"activity": "AC_QRY_PolarisDBStructure",
						"dependencyConditions": [
							"Failed"
						]
					},
					{
						"activity": "AC_FEA_PullPolarisDataStructure",
						"dependencyConditions": [
							"Failed"
						]
					}
				],
				"policy": {
					"secureInput": false
				},
				"userProperties": [],
				"typeProperties": {
					"pipeline": {
						"referenceName": "PL_CH_DML_INSERT_PolarisError",
						"type": "PipelineReference"
					},
					"waitOnCompletion": true,
					"parameters": {
						"Para_PipelineRunId": {
							"value": "@pipeline().RunId",
							"type": "Expression"
						},
						"Para_JobStage": {
							"value": "DW STEP3 RAW Table Objects Creation",
							"type": "Expression"
						},
						"Para_ErrorSeverity": {
							"value": "AC_QRY_PolarisDBStructure Fatal Error\n",
							"type": "Expression"
						},
						"Para_ErrorProgramUnitName": {
							"value": "@pipeline().Pipeline",
							"type": "Expression"
						},
						"Para_ErrorMessage": {
							"value": "@concat('AC_FEA_PullPolarisDataStructure Failed ',activity('AC_QRY_PolarisDBStructure').Error.message)\n\n",
							"type": "Expression"
						}
					}
				}
			}
		],
		"variables": {
			"vMetaSchemaProcessMstr": {
				"type": "String"
			},
			"vErrorMsg": {
				"type": "String"
			},
			"vOutputMsg": {
				"type": "String"
			}
		},
		"folder": {
			"name": "OriginalVer"
		},
		"annotations": []
	}
}