{
	"name": "PL_MR_DML_INSERT_DWEnriched_STEP10_ReRun",
	"properties": {
		"activities": [
			{
				"name": "AC_QRY_PolarisDBStructure",
				"description": "Pull configured POLARIS DW data sets for enrich process from POLARIS CRM",
				"type": "Script",
				"dependsOn": [
					{
						"activity": "AC_SV_DataSetMasterTable",
						"dependencyConditions": [
							"Succeeded"
						]
					}
				],
				"policy": {
					"timeout": "0.12:00:00",
					"retry": 0,
					"retryIntervalInSeconds": 30,
					"secureOutput": false,
					"secureInput": false
				},
				"userProperties": [],
				"linkedServiceName": {
					"referenceName": "ls_snowflake",
					"type": "LinkedServiceReference"
				},
				"typeProperties": {
					"scripts": [
						{
							"type": "Query",
							"text": {
								"value": "@concat(' SELECT distinct split_part(datasetname,''.'',1) as SCHEMA_NAME, ',' REPLACE(split_part(datasetname,''.'',2),''.'',''_'') as TABLE_NAME, ',' DATASETDESCRIPTION, DATASETPRIMARYKEY FROM ',variables('vMetaSchemaProcessMstr'),\n' WHERE DatasetType = ''SQL'' AND DWSINKSTRUCTURE = ''Y'' AND ActiveFlg = ''Y'' AND RERUN = ''CC'' AND PREVIOUSRUNSTATUS = ''SUCCESS'';')\n\n\n",
								"type": "Expression"
							}
						}
					],
					"scriptBlockExecutionTimeout": "02:00:00"
				}
			},
			{
				"name": "AC_FEA_EnrichDWPolarisDataSets",
				"description": "Pull Polaris CRM Source DB structure for every configured DW data set.",
				"type": "ForEach",
				"dependsOn": [
					{
						"activity": "AC_QRY_PolarisDBStructure",
						"dependencyConditions": [
							"Succeeded"
						]
					}
				],
				"userProperties": [],
				"typeProperties": {
					"items": {
						"value": "@activity('AC_QRY_PolarisDBStructure').output.resultSets[0].rows\n",
						"type": "Expression"
					},
					"isSequential": true,
					"activities": [
						{
							"name": "AC_QRY_QueryToGetPrimaryKey",
							"description": "Pull configured POLARIS DW data sets Primary key details from POLARIS CRM",
							"type": "Script",
							"dependsOn": [],
							"policy": {
								"timeout": "0.12:00:00",
								"retry": 0,
								"retryIntervalInSeconds": 30,
								"secureOutput": false,
								"secureInput": false
							},
							"userProperties": [],
							"linkedServiceName": {
								"referenceName": "ls_sql",
								"type": "LinkedServiceReference"
							},
							"typeProperties": {
								"scripts": [
									{
										"parameters": [
											{
												"name": "Table",
												"type": "String",
												"value": {
													"value": "@item().TABLE_NAME",
													"type": "Expression"
												},
												"direction": "Input"
											},
											{
												"name": "Schema",
												"type": "String",
												"value": {
													"value": "@item().SCHEMA_NAME",
													"type": "Expression"
												},
												"direction": "Input"
											}
										],
										"type": "Query",
										"text": "select C.COLUMN_NAME FROM INFORMATION_SCHEMA.TABLE_CONSTRAINTS T\nJOIN INFORMATION_SCHEMA.CONSTRAINT_COLUMN_USAGE C\nON C.CONSTRAINT_NAME = T.CONSTRAINT_NAME\nWHERE C.TABLE_NAME = @Table AND C.TABLE_SCHEMA = @Schema AND (T.CONSTRAINT_TYPE = 'PRIMARY KEY' OR T.CONSTRAINT_TYPE = 'UNIQUE');\n"
									}
								],
								"scriptBlockExecutionTimeout": "02:00:00"
							}
						},
						{
							"name": "AC_IF_PolarisPrimaryKeyFound",
							"type": "IfCondition",
							"dependsOn": [
								{
									"activity": "AC_QRY_QueryToGetPrimaryKey",
									"dependencyConditions": [
										"Succeeded"
									]
								}
							],
							"userProperties": [],
							"typeProperties": {
								"expression": {
									"value": "@greater(activity('AC_QRY_QueryToGetPrimaryKey').output.resultSetCount,0)\n\n",
									"type": "Expression"
								},
								"ifFalseActivities": [
									{
										"name": "AC_SV_InvalidPolarisDS",
										"type": "SetVariable",
										"dependsOn": [],
										"policy": {
											"secureOutput": false,
											"secureInput": false
										},
										"userProperties": [],
										"typeProperties": {
											"variableName": "vErrorMsg",
											"value": {
												"value": "@concat(item().SCHEMA_NAME,'.',item().TABLE_NAME, ' - No Primary key found in CRM Database. Hence using the Primary key supplied in DWConfig - ',item().DATASETPRIMARYKEY)",
												"type": "Expression"
											}
										}
									},
									{
										"name": "AC_PL_PolarisInvalidDSTrace",
										"type": "ExecutePipeline",
										"dependsOn": [
											{
												"activity": "AC_SV_InvalidPolarisDS",
												"dependencyConditions": [
													"Succeeded"
												]
											}
										],
										"policy": {
											"secureInput": false
										},
										"userProperties": [],
										"typeProperties": {
											"pipeline": {
												"referenceName": "PL_CH_DML_INSERT_PolarisError",
												"type": "PipelineReference"
											},
											"waitOnCompletion": true,
											"parameters": {
												"Para_PipelineRunId": {
													"value": "@pipeline().RunId",
													"type": "Expression"
												},
												"Para_JobStage": {
													"value": "DW STEP10 ReRun - AC_FEA_EnrichDWPolarisDataSets - No Primary Key found - AC_IF_PolarisPrimaryKeyFound (FALSE)",
													"type": "Expression"
												},
												"Para_ErrorSeverity": {
													"value": "@concat(item().TABLE_NAME,' - ',' DW STEP 10 ReRun AC_IF_PolarisPrimaryKeyFound False Acitity - Warning ')\n",
													"type": "Expression"
												},
												"Para_ErrorProgramUnitName": {
													"value": "@pipeline().Pipeline",
													"type": "Expression"
												},
												"Para_ErrorMessage": {
													"value": "@variables('vErrorMsg')",
													"type": "Expression"
												}
											}
										}
									},
									{
										"name": "AC_PL_MR_DML_INSERT_DWEnrichedReRun_STEP11_DWConfigPkey",
										"description": "Enriched Pipeline - Step 11 as a child from the DW config primary key",
										"type": "ExecutePipeline",
										"dependsOn": [
											{
												"activity": "AC_PL_PolarisInvalidDSTrace",
												"dependencyConditions": [
													"Succeeded"
												]
											}
										],
										"policy": {
											"secureInput": false
										},
										"userProperties": [],
										"typeProperties": {
											"pipeline": {
												"referenceName": "PL_CH_DML_INSERT_DWEnrichedReRun_STEP11DF",
												"type": "PipelineReference"
											},
											"waitOnCompletion": true,
											"parameters": {
												"PrimaryKey": {
													"value": "@item().DATASETPRIMARYKEY",
													"type": "Expression"
												},
												"ColumnNames": {
													"value": "@item().DATASETDESCRIPTION",
													"type": "Expression"
												},
												"TableName": {
													"value": "@item().TABLE_NAME",
													"type": "Expression"
												},
												"SchemaName": {
													"value": "@item().SCHEMA_NAME",
													"type": "Expression"
												}
											}
										}
									},
									{
										"name": "AC_PL_PolarisErrorTrace_NoPkey",
										"type": "ExecutePipeline",
										"dependsOn": [
											{
												"activity": "AC_PL_MR_DML_INSERT_DWEnrichedReRun_STEP11_DWConfigPkey",
												"dependencyConditions": [
													"Failed"
												]
											}
										],
										"policy": {
											"secureInput": false
										},
										"userProperties": [],
										"typeProperties": {
											"pipeline": {
												"referenceName": "PL_CH_DML_INSERT_PolarisError",
												"type": "PipelineReference"
											},
											"waitOnCompletion": true,
											"parameters": {
												"Para_PipelineRunId": {
													"value": "@pipeline().RunId",
													"type": "Expression"
												},
												"Para_JobStage": {
													"value": "AC_PL_MR_DML_INSERT_DW Enriched_STEP10 Rerun Failed - AC_IF_PolarisPrimaryKeyFound (FALSE)",
													"type": "Expression"
												},
												"Para_ErrorSeverity": {
													"value": "AC_FEA_EnrichDWPolarisDataSets Fatal Error - STEP10 ReRun\n\n",
													"type": "Expression"
												},
												"Para_ErrorProgramUnitName": {
													"value": "@pipeline().Pipeline",
													"type": "Expression"
												},
												"Para_ErrorMessage": {
													"value": "@activity('AC_PL_MR_DML_INSERT_DWEnrichedReRun_STEP11_DWConfigPkey').Error.message",
													"type": "Expression"
												}
											}
										}
									}
								],
								"ifTrueActivities": [
									{
										"name": "AC_PL_MR_DML_INSERT_DWEnrichedReRun_STEP11",
										"description": "Call Enriched Pipeline - Step 11 as a child",
										"type": "ExecutePipeline",
										"dependsOn": [],
										"policy": {
											"secureInput": false
										},
										"userProperties": [],
										"typeProperties": {
											"pipeline": {
												"referenceName": "PL_CH_DML_INSERT_DWEnrichedReRun_STEP11DF",
												"type": "PipelineReference"
											},
											"waitOnCompletion": true,
											"parameters": {
												"PrimaryKey": {
													"value": "@activity('AC_QRY_QueryToGetPrimaryKey').output.resultSets[0].rows[0].COLUMN_NAME",
													"type": "Expression"
												},
												"ColumnNames": {
													"value": "@item().DATASETDESCRIPTION",
													"type": "Expression"
												},
												"TableName": {
													"value": "@item().TABLE_NAME",
													"type": "Expression"
												},
												"SchemaName": {
													"value": "@item().SCHEMA_NAME",
													"type": "Expression"
												}
											}
										}
									},
									{
										"name": "AC_PL_PolarisErrorTrace",
										"type": "ExecutePipeline",
										"dependsOn": [
											{
												"activity": "AC_PL_MR_DML_INSERT_DWEnrichedReRun_STEP11",
												"dependencyConditions": [
													"Failed"
												]
											}
										],
										"policy": {
											"secureInput": false
										},
										"userProperties": [],
										"typeProperties": {
											"pipeline": {
												"referenceName": "PL_CH_DML_INSERT_PolarisError",
												"type": "PipelineReference"
											},
											"waitOnCompletion": true,
											"parameters": {
												"Para_PipelineRunId": {
													"value": "@pipeline().RunId",
													"type": "Expression"
												},
												"Para_JobStage": {
													"value": "AC_PL_MR_DML_INSERT_DWEnriched_STEP10 Rerun Failed - AC_IF_PolarisPrimaryKeyFound",
													"type": "Expression"
												},
												"Para_ErrorSeverity": {
													"value": "AC_FEA_EnrichDWPolarisDataSets Fatal Error - Rerun Step10\n\n",
													"type": "Expression"
												},
												"Para_ErrorProgramUnitName": {
													"value": "@pipeline().Pipeline",
													"type": "Expression"
												},
												"Para_ErrorMessage": {
													"value": "@activity('AC_PL_MR_DML_INSERT_DWEnrichedReRun_STEP11').Error.message",
													"type": "Expression"
												}
											}
										}
									}
								]
							}
						}
					]
				}
			},
			{
				"name": "AC_SV_DataSetMasterTable",
				"description": "Fully qualified name assembly to refer DATASETPROCESSMASTERTBL",
				"type": "SetVariable",
				"dependsOn": [],
				"policy": {
					"secureOutput": false,
					"secureInput": false
				},
				"userProperties": [],
				"typeProperties": {
					"variableName": "vMetaSchemaProcessMstr",
					"value": {
						"value": "@concat(pipeline().globalParameters.vGlobalEnv,'_',pipeline().globalParameters.vGlobalMetaEngine,'.','DATASETPROCESSMASTERTBL')",
						"type": "Expression"
					}
				}
			},
			{
				"name": "AC_IF_NoEnrichedRecordsFound",
				"type": "IfCondition",
				"dependsOn": [
					{
						"activity": "AC_QRY_PolarisDBStructure",
						"dependencyConditions": [
							"Succeeded"
						]
					}
				],
				"userProperties": [],
				"typeProperties": {
					"expression": {
						"value": "@equals(activity('AC_QRY_PolarisDBStructure').output.resultSetCount,0)\n\n",
						"type": "Expression"
					},
					"ifTrueActivities": [
						{
							"name": "AC_PL_NoEnrichedRecordsFound",
							"type": "ExecutePipeline",
							"dependsOn": [],
							"policy": {
								"secureInput": false
							},
							"userProperties": [],
							"typeProperties": {
								"pipeline": {
									"referenceName": "PL_CH_DML_INSERT_PolarisError",
									"type": "PipelineReference"
								},
								"waitOnCompletion": true,
								"parameters": {
									"Para_PipelineRunId": {
										"value": "@pipeline().RunId",
										"type": "Expression"
									},
									"Para_JobStage": {
										"value": "DW STEP10 AC_PL_NoEnrichedRecordsFound - AC_IF_NoEnrichedRecordFound (TRUE)\n\n",
										"type": "Expression"
									},
									"Para_ErrorSeverity": {
										"value": "AC_IF_NoEnrichment - Critical",
										"type": "Expression"
									},
									"Para_ErrorProgramUnitName": {
										"value": "@pipeline().Pipeline",
										"type": "Expression"
									},
									"Para_ErrorMessage": {
										"value": "AC_LA_LookupEnrichedDataSet - Found no qualifed rows for enrichment\n",
										"type": "Expression"
									}
								}
							}
						}
					]
				}
			}
		],
		"variables": {
			"vMetaSchemaProcessMstr": {
				"type": "String"
			},
			"vErrorMsg": {
				"type": "String"
			},
			"vOutputMsg": {
				"type": "String"
			}
		},
		"folder": {
			"name": "PL_PolarisDW/DWReRunEngine"
		},
		"annotations": []
	}
}