{
	"name": "RenameTry",
	"properties": {
		"activities": [
			{
				"name": "AC_CPY_PolarisDataSetsConfigExcel",
				"description": "Copy the excel file which has required Polaris data sets for DW to Blob in Binary.",
				"type": "Copy",
				"dependsOn": [],
				"policy": {
					"timeout": "0.12:00:00",
					"retry": 0,
					"retryIntervalInSeconds": 30,
					"secureOutput": false,
					"secureInput": false
				},
				"userProperties": [],
				"typeProperties": {
					"source": {
						"type": "BinarySource",
						"storeSettings": {
							"type": "HttpReadSettings",
							"requestMethod": "GET",
							"requestTimeout": ""
						},
						"formatSettings": {
							"type": "BinaryReadSettings"
						}
					},
					"sink": {
						"type": "BinarySink",
						"storeSettings": {
							"type": "AzureBlobStorageWriteSettings"
						}
					},
					"enableStaging": false,
					"logSettings": {
						"enableCopyActivityLog": true,
						"copyActivityLogSettings": {
							"logLevel": "Info",
							"enableReliableLogging": false
						},
						"logLocationSettings": {
							"linkedServiceName": {
								"referenceName": "ls_storage",
								"type": "LinkedServiceReference"
							},
							"path": {
								"value": "@concat('snowflakestaging/',variables('vLogPath'))",
								"type": "Expression"
							}
						}
					}
				},
				"inputs": [
					{
						"referenceName": "DS_PolarisSharepointDW",
						"type": "DatasetReference"
					}
				],
				"outputs": [
					{
						"referenceName": "DS_PolarisBlobConfigBinaryDW",
						"type": "DatasetReference"
					}
				]
			}
		],
		"folder": {
			"name": "DevSpace"
		},
		"annotations": []
	}
}