{
	"name": "TryCopyFromRawToBlob",
	"properties": {
		"activities": [
			{
				"name": "CopyFromRawToBlob",
				"type": "Copy",
				"dependsOn": [],
				"policy": {
					"timeout": "0.12:00:00",
					"retry": 0,
					"retryIntervalInSeconds": 30,
					"secureOutput": false,
					"secureInput": false
				},
				"userProperties": [],
				"typeProperties": {
					"source": {
						"type": "SnowflakeSource",
						"exportSettings": {
							"type": "SnowflakeExportCopyCommand"
						}
					},
					"sink": {
						"type": "DelimitedTextSink",
						"storeSettings": {
							"type": "AzureBlobStorageWriteSettings"
						},
						"formatSettings": {
							"type": "DelimitedTextWriteSettings",
							"quoteAllText": true,
							"fileExtension": ".txt"
						}
					},
					"enableStaging": true,
					"stagingSettings": {
						"linkedServiceName": {
							"referenceName": "storage_staging_uat",
							"type": "LinkedServiceReference"
						},
						"path": "snowflakestaging/DwErrorLog"
					},
					"enableSkipIncompatibleRow": true
				},
				"inputs": [
					{
						"referenceName": "DS_PolarisSnowflakeDW_Orig",
						"type": "DatasetReference",
						"parameters": {
							"DWSchema": {
								"value": "DEV_POLARISDW_RAW_SCHEMA",
								"type": "Expression"
							},
							"DWTable": {
								"value": "COURSE_SERVICE_COURSE_RAW",
								"type": "Expression"
							}
						}
					}
				],
				"outputs": [
					{
						"referenceName": "DS_PolarisBlobStorage_Raw2Curation",
						"type": "DatasetReference",
						"parameters": {
							"pDirectory": {
								"value": "@concat(pipeline().globalParameters.vGlobalEnv,'_',pipeline().globalParameters.vGlobalCurated)",
								"type": "Expression"
							},
							"pRawStructure": {
								"value": "COURSE_SERVICE_PROVISION_CURATED",
								"type": "Expression"
							}
						}
					}
				]
			}
		],
		"folder": {
			"name": "DevSpace"
		},
		"annotations": []
	}
}