{
	"name": "TryCopyFromRawToCura",
	"properties": {
		"activities": [
			{
				"name": "CopyFromRawToCuration",
				"type": "Copy",
				"dependsOn": [],
				"policy": {
					"timeout": "0.12:00:00",
					"retry": 0,
					"retryIntervalInSeconds": 30,
					"secureOutput": false,
					"secureInput": false
				},
				"userProperties": [],
				"typeProperties": {
					"source": {
						"type": "SnowflakeSource",
						"exportSettings": {
							"type": "SnowflakeExportCopyCommand"
						}
					},
					"sink": {
						"type": "SnowflakeSink",
						"importSettings": {
							"type": "SnowflakeImportCopyCommand",
							"additionalCopyOptions": {
								"ON_ERROR": "CONTINUE"
							}
						}
					},
					"enableStaging": false,
					"enableSkipIncompatibleRow": true
				},
				"inputs": [
					{
						"referenceName": "DS_PolarisSnowflakeDW_Orig",
						"type": "DatasetReference",
						"parameters": {
							"DWSchema": {
								"value": "DEV_POLARISDW_RAW_SCHEMA",
								"type": "Expression"
							},
							"DWTable": {
								"value": "COURSE_SERVICE_COURSE_RAW",
								"type": "Expression"
							}
						}
					}
				],
				"outputs": [
					{
						"referenceName": "DS_PolarisSnowflakeDW_Orig",
						"type": "DatasetReference",
						"parameters": {
							"DWSchema": {
								"value": "DEV_POLARISDW_CURATION_SCHEMA",
								"type": "Expression"
							},
							"DWTable": {
								"value": "COURSE_SERVICE_PROVISION_CURATED",
								"type": "Expression"
							}
						}
					}
				]
			}
		],
		"folder": {
			"name": "DevSpace"
		},
		"annotations": []
	}
}