{
	"name": "adfcdc1",
	"properties": {
		"folder": {
			"name": "DevCDCSpace"
		},
		"SourceConnectionsInfo": [
			{
				"SourceEntities": [
					{
						"name": "participant_service.appointment",
						"properties": {
							"schema": [
								{
									"name": "id",
									"dataType": "string"
								},
								{
									"name": "attendance_id",
									"dataType": "string"
								},
								{
									"name": "participant_id",
									"dataType": "string"
								},
								{
									"name": "notes",
									"dataType": "string"
								},
								{
									"name": "next_appointment_notes",
									"dataType": "string"
								},
								{
									"name": "ap_code",
									"dataType": "string"
								},
								{
									"name": "calendar_service_appointment_id",
									"dataType": "string"
								},
								{
									"name": "date",
									"dataType": "date"
								},
								{
									"name": "start_time",
									"dataType": "integer"
								},
								{
									"name": "end_time",
									"dataType": "integer"
								}
							],
							"dslConnectorProperties": [
								{
									"name": "schemaName",
									"value": "participant_service"
								},
								{
									"name": "tableName",
									"value": "appointment"
								},
								{
									"name": "enableCdc",
									"value": true
								},
								{
									"name": "waterMarkColumn",
									"value": "date"
								},
								{
									"name": "allowSchemaDrift",
									"value": false
								},
								{
									"name": "inferDriftedColumnTypes",
									"value": false
								}
							]
						}
					},
					{
						"name": "participant_service.barrier",
						"properties": {
							"schema": [
								{
									"name": "id",
									"dataType": "string"
								},
								{
									"name": "name",
									"dataType": "string"
								},
								{
									"name": "participant_id",
									"dataType": "string"
								},
								{
									"name": "priority",
									"dataType": "string"
								},
								{
									"name": "start_date",
									"dataType": "date"
								},
								{
									"name": "complete_date",
									"dataType": "date"
								},
								{
									"name": "due_date",
									"dataType": "date"
								}
							],
							"dslConnectorProperties": [
								{
									"name": "schemaName",
									"value": "participant_service"
								},
								{
									"name": "tableName",
									"value": "barrier"
								},
								{
									"name": "enableCdc",
									"value": true
								},
								{
									"name": "waterMarkColumn",
									"value": "start_date"
								},
								{
									"name": "allowSchemaDrift",
									"value": false
								},
								{
									"name": "inferDriftedColumnTypes",
									"value": false
								}
							]
						}
					}
				],
				"Connection": {
					"linkedService": {
						"referenceName": "sql_polaris_uat",
						"type": "LinkedServiceReference"
					},
					"linkedServiceType": "AzureSqlDatabase",
					"type": "linkedservicetype",
					"isInlineDataset": true,
					"commonDslConnectorProperties": [
						{
							"name": "allowSchemaDrift",
							"value": true
						},
						{
							"name": "inferDriftedColumnTypes",
							"value": true
						},
						{
							"name": "format",
							"value": "table"
						},
						{
							"name": "store",
							"value": "sqlserver"
						},
						{
							"name": "databaseType",
							"value": "databaseType"
						},
						{
							"name": "database",
							"value": "database"
						},
						{
							"name": "skipInitialLoad",
							"value": true
						}
					]
				}
			}
		],
		"TargetConnectionsInfo": [
			{
				"TargetEntities": [
					{
						"name": "snowflakestaging/CDC",
						"properties": {
							"schema": [
								{
									"name": "id",
									"dataType": "string"
								},
								{
									"name": "attendance_id",
									"dataType": "string"
								},
								{
									"name": "participant_id",
									"dataType": "string"
								},
								{
									"name": "notes",
									"dataType": "string"
								},
								{
									"name": "next_appointment_notes",
									"dataType": "string"
								},
								{
									"name": "ap_code",
									"dataType": "string"
								},
								{
									"name": "calendar_service_appointment_id",
									"dataType": "string"
								},
								{
									"name": "date",
									"dataType": "date"
								},
								{
									"name": "start_time",
									"dataType": "integer"
								},
								{
									"name": "end_time",
									"dataType": "integer"
								}
							],
							"dslConnectorProperties": [
								{
									"name": "container",
									"value": "snowflakestaging"
								},
								{
									"name": "fileSystem",
									"value": "snowflakestaging"
								},
								{
									"name": "folderPath",
									"value": "CDC"
								},
								{
									"name": "allowSchemaDrift",
									"value": false
								},
								{
									"name": "inferDriftedColumnTypes",
									"value": false
								}
							]
						}
					}
				],
				"Connection": {
					"linkedService": {
						"referenceName": "storage_staging_uat",
						"type": "LinkedServiceReference"
					},
					"linkedServiceType": "AzureBlobStorage",
					"type": "linkedservicetype",
					"isInlineDataset": true,
					"commonDslConnectorProperties": [
						{
							"name": "allowSchemaDrift",
							"value": true
						},
						{
							"name": "inferDriftedColumnTypes",
							"value": true
						},
						{
							"name": "format",
							"value": "delimited"
						},
						{
							"name": "columnNamesAsHeader",
							"value": true
						},
						{
							"name": "columnDelimiter",
							"value": ","
						},
						{
							"name": "escapeChar",
							"value": "\\\\"
						},
						{
							"name": "quoteChar",
							"value": "\\\""
						}
					]
				},
				"DataMapperMappings": [
					{
						"targetEntityName": "snowflakestaging/CDC",
						"sourceEntityName": "participant_service.appointment",
						"sourceConnectionReference": {
							"connectionName": "sql_polaris_uat",
							"type": "linkedservicetype"
						},
						"attributeMappingInfo": {
							"attributeMappings": [
								{
									"name": "ap_code",
									"type": "Direct",
									"functionName": "",
									"attributeReference": {
										"name": "ap_code",
										"entity": "participant_service.appointment",
										"entityConnectionReference": {
											"connectionName": "sql_polaris_uat",
											"type": "linkedservicetype"
										}
									}
								},
								{
									"name": "attendance_id",
									"type": "Direct",
									"functionName": "",
									"attributeReference": {
										"name": "attendance_id",
										"entity": "participant_service.appointment",
										"entityConnectionReference": {
											"connectionName": "sql_polaris_uat",
											"type": "linkedservicetype"
										}
									}
								},
								{
									"name": "calendar_service_appointment_id",
									"type": "Direct",
									"functionName": "",
									"attributeReference": {
										"name": "calendar_service_appointment_id",
										"entity": "participant_service.appointment",
										"entityConnectionReference": {
											"connectionName": "sql_polaris_uat",
											"type": "linkedservicetype"
										}
									}
								},
								{
									"name": "date",
									"type": "Direct",
									"functionName": "",
									"attributeReference": {
										"name": "date",
										"entity": "participant_service.appointment",
										"entityConnectionReference": {
											"connectionName": "sql_polaris_uat",
											"type": "linkedservicetype"
										}
									}
								},
								{
									"name": "end_time",
									"type": "Direct",
									"functionName": "",
									"attributeReference": {
										"name": "end_time",
										"entity": "participant_service.appointment",
										"entityConnectionReference": {
											"connectionName": "sql_polaris_uat",
											"type": "linkedservicetype"
										}
									}
								},
								{
									"name": "id",
									"type": "Direct",
									"functionName": "",
									"attributeReference": {
										"name": "id",
										"entity": "participant_service.appointment",
										"entityConnectionReference": {
											"connectionName": "sql_polaris_uat",
											"type": "linkedservicetype"
										}
									}
								},
								{
									"name": "next_appointment_notes",
									"type": "Direct",
									"functionName": "",
									"attributeReference": {
										"name": "next_appointment_notes",
										"entity": "participant_service.appointment",
										"entityConnectionReference": {
											"connectionName": "sql_polaris_uat",
											"type": "linkedservicetype"
										}
									}
								},
								{
									"name": "notes",
									"type": "Direct",
									"functionName": "",
									"attributeReference": {
										"name": "notes",
										"entity": "participant_service.appointment",
										"entityConnectionReference": {
											"connectionName": "sql_polaris_uat",
											"type": "linkedservicetype"
										}
									}
								},
								{
									"name": "participant_id",
									"type": "Direct",
									"functionName": "",
									"attributeReference": {
										"name": "participant_id",
										"entity": "participant_service.appointment",
										"entityConnectionReference": {
											"connectionName": "sql_polaris_uat",
											"type": "linkedservicetype"
										}
									}
								},
								{
									"name": "start_time",
									"type": "Direct",
									"functionName": "",
									"attributeReference": {
										"name": "start_time",
										"entity": "participant_service.appointment",
										"entityConnectionReference": {
											"connectionName": "sql_polaris_uat",
											"type": "linkedservicetype"
										}
									}
								}
							]
						}
					}
				],
				"Relationships": []
			}
		],
		"Policy": {
			"recurrence": {
				"frequency": "Minute",
				"interval": 1
			},
			"mode": "Microbatch"
		},
		"allowVNetOverride": true
	}
}