{
	"name": "adfcdc2",
	"properties": {
		"folder": {
			"name": "DevCDCSpace"
		},
		"SourceConnectionsInfo": [
			{
				"SourceEntities": [
					{
						"name": "participant_service.participant",
						"properties": {
							"schema": [
								{
									"name": "id",
									"dataType": "string"
								},
								{
									"name": "first_name",
									"dataType": "string"
								},
								{
									"name": "middle_name",
									"dataType": "string"
								},
								{
									"name": "last_name",
									"dataType": "string"
								},
								{
									"name": "preferred_name",
									"dataType": "string"
								},
								{
									"name": "preferred_pronouns_id",
									"dataType": "string"
								},
								{
									"name": "address_1",
									"dataType": "string"
								},
								{
									"name": "address_2",
									"dataType": "string"
								},
								{
									"name": "address_3",
									"dataType": "string"
								},
								{
									"name": "city",
									"dataType": "string"
								},
								{
									"name": "primary_phone_number",
									"dataType": "string"
								},
								{
									"name": "secondary_phone_number",
									"dataType": "string"
								},
								{
									"name": "email_address",
									"dataType": "string"
								},
								{
									"name": "unique_identifier",
									"dataType": "string"
								},
								{
									"name": "unique_identifier_type",
									"dataType": "string"
								},
								{
									"name": "eligibility_group_id",
									"dataType": "string"
								},
								{
									"name": "referral_source_id",
									"dataType": "string"
								},
								{
									"name": "contract_id",
									"dataType": "string"
								},
								{
									"name": "service_id",
									"dataType": "string"
								},
								{
									"name": "team_id",
									"dataType": "string"
								},
								{
									"name": "gender_id",
									"dataType": "string"
								},
								{
									"name": "date_of_birth",
									"dataType": "date"
								},
								{
									"name": "postcode",
									"dataType": "string"
								},
								{
									"name": "care_of_address",
									"dataType": "boolean"
								},
								{
									"name": "referral_date",
									"dataType": "date"
								},
								{
									"name": "start_date",
									"dataType": "date"
								},
								{
									"name": "preferred_method_of_contact",
									"dataType": "string"
								},
								{
									"name": "good_news_story",
									"dataType": "boolean"
								},
								{
									"name": "user_id",
									"dataType": "string"
								},
								{
									"name": "pt_code",
									"dataType": "string"
								},
								{
									"name": "date_created",
									"dataType": "timestamp"
								},
								{
									"name": "date_updated",
									"dataType": "timestamp"
								},
								{
									"name": "preferred_pronouns",
									"dataType": "string"
								},
								{
									"name": "latitude",
									"dataType": "double"
								},
								{
									"name": "longitude",
									"dataType": "double"
								},
								{
									"name": "participant_status_id",
									"dataType": "string"
								},
								{
									"name": "participant_status_reason_id",
									"dataType": "string"
								},
								{
									"name": "orion_membership_id",
									"dataType": "integer"
								}
							],
							"dslConnectorProperties": [
								{
									"name": "schemaName",
									"value": "participant_service"
								},
								{
									"name": "tableName",
									"value": "participant"
								},
								{
									"name": "enableCdc",
									"value": true
								},
								{
									"name": "waterMarkColumn",
									"value": "date_updated"
								},
								{
									"name": "allowSchemaDrift",
									"value": false
								},
								{
									"name": "inferDriftedColumnTypes",
									"value": false
								}
							]
						}
					}
				],
				"Connection": {
					"linkedService": {
						"referenceName": "sql_polaris_uat",
						"type": "LinkedServiceReference"
					},
					"linkedServiceType": "AzureSqlDatabase",
					"type": "linkedservicetype",
					"isInlineDataset": true,
					"commonDslConnectorProperties": [
						{
							"name": "allowSchemaDrift",
							"value": true
						},
						{
							"name": "inferDriftedColumnTypes",
							"value": true
						},
						{
							"name": "format",
							"value": "table"
						},
						{
							"name": "store",
							"value": "sqlserver"
						},
						{
							"name": "databaseType",
							"value": "databaseType"
						},
						{
							"name": "database",
							"value": "database"
						},
						{
							"name": "skipInitialLoad",
							"value": true
						}
					]
				}
			}
		],
		"TargetConnectionsInfo": [
			{
				"TargetEntities": [
					{
						"name": "snowflakestaging/CDC",
						"properties": {
							"schema": [
								{
									"name": "id",
									"dataType": "string"
								},
								{
									"name": "first_name",
									"dataType": "string"
								},
								{
									"name": "middle_name",
									"dataType": "string"
								},
								{
									"name": "last_name",
									"dataType": "string"
								},
								{
									"name": "preferred_name",
									"dataType": "string"
								},
								{
									"name": "preferred_pronouns_id",
									"dataType": "string"
								},
								{
									"name": "address_1",
									"dataType": "string"
								},
								{
									"name": "address_2",
									"dataType": "string"
								},
								{
									"name": "address_3",
									"dataType": "string"
								},
								{
									"name": "city",
									"dataType": "string"
								},
								{
									"name": "primary_phone_number",
									"dataType": "string"
								},
								{
									"name": "secondary_phone_number",
									"dataType": "string"
								},
								{
									"name": "email_address",
									"dataType": "string"
								},
								{
									"name": "unique_identifier",
									"dataType": "string"
								},
								{
									"name": "unique_identifier_type",
									"dataType": "string"
								},
								{
									"name": "eligibility_group_id",
									"dataType": "string"
								},
								{
									"name": "referral_source_id",
									"dataType": "string"
								},
								{
									"name": "contract_id",
									"dataType": "string"
								},
								{
									"name": "service_id",
									"dataType": "string"
								},
								{
									"name": "team_id",
									"dataType": "string"
								},
								{
									"name": "gender_id",
									"dataType": "string"
								},
								{
									"name": "date_of_birth",
									"dataType": "date"
								},
								{
									"name": "postcode",
									"dataType": "string"
								},
								{
									"name": "care_of_address",
									"dataType": "boolean"
								},
								{
									"name": "referral_date",
									"dataType": "date"
								},
								{
									"name": "start_date",
									"dataType": "date"
								},
								{
									"name": "preferred_method_of_contact",
									"dataType": "string"
								},
								{
									"name": "good_news_story",
									"dataType": "boolean"
								},
								{
									"name": "user_id",
									"dataType": "string"
								},
								{
									"name": "pt_code",
									"dataType": "string"
								},
								{
									"name": "date_created",
									"dataType": "timestamp"
								},
								{
									"name": "date_updated",
									"dataType": "timestamp"
								},
								{
									"name": "preferred_pronouns",
									"dataType": "string"
								},
								{
									"name": "latitude",
									"dataType": "double"
								},
								{
									"name": "longitude",
									"dataType": "double"
								},
								{
									"name": "participant_status_id",
									"dataType": "string"
								},
								{
									"name": "participant_status_reason_id",
									"dataType": "string"
								},
								{
									"name": "orion_membership_id",
									"dataType": "integer"
								}
							],
							"dslConnectorProperties": [
								{
									"name": "container",
									"value": "snowflakestaging"
								},
								{
									"name": "fileSystem",
									"value": "snowflakestaging"
								},
								{
									"name": "folderPath",
									"value": "CDC"
								},
								{
									"name": "allowSchemaDrift",
									"value": false
								},
								{
									"name": "inferDriftedColumnTypes",
									"value": false
								}
							]
						}
					}
				],
				"Connection": {
					"linkedService": {
						"referenceName": "storage_staging_uat",
						"type": "LinkedServiceReference"
					},
					"linkedServiceType": "AzureBlobStorage",
					"type": "linkedservicetype",
					"isInlineDataset": true,
					"commonDslConnectorProperties": [
						{
							"name": "allowSchemaDrift",
							"value": true
						},
						{
							"name": "inferDriftedColumnTypes",
							"value": true
						},
						{
							"name": "format",
							"value": "delimited"
						},
						{
							"name": "columnNamesAsHeader",
							"value": true
						},
						{
							"name": "columnDelimiter",
							"value": ","
						},
						{
							"name": "escapeChar",
							"value": "\\\\"
						},
						{
							"name": "quoteChar",
							"value": "\\\""
						}
					]
				},
				"DataMapperMappings": [
					{
						"targetEntityName": "snowflakestaging/CDC",
						"sourceEntityName": "participant_service.participant",
						"sourceConnectionReference": {
							"connectionName": "sql_polaris_uat",
							"type": "linkedservicetype"
						},
						"attributeMappingInfo": {
							"attributeMappings": [
								{
									"name": "address_1",
									"type": "Direct",
									"functionName": "",
									"attributeReference": {
										"name": "address_1",
										"entity": "participant_service.participant",
										"entityConnectionReference": {
											"connectionName": "sql_polaris_uat",
											"type": "linkedservicetype"
										}
									}
								},
								{
									"name": "address_2",
									"type": "Direct",
									"functionName": "",
									"attributeReference": {
										"name": "address_2",
										"entity": "participant_service.participant",
										"entityConnectionReference": {
											"connectionName": "sql_polaris_uat",
											"type": "linkedservicetype"
										}
									}
								},
								{
									"name": "address_3",
									"type": "Direct",
									"functionName": "",
									"attributeReference": {
										"name": "address_3",
										"entity": "participant_service.participant",
										"entityConnectionReference": {
											"connectionName": "sql_polaris_uat",
											"type": "linkedservicetype"
										}
									}
								},
								{
									"name": "care_of_address",
									"type": "Direct",
									"functionName": "",
									"attributeReference": {
										"name": "care_of_address",
										"entity": "participant_service.participant",
										"entityConnectionReference": {
											"connectionName": "sql_polaris_uat",
											"type": "linkedservicetype"
										}
									}
								},
								{
									"name": "city",
									"type": "Direct",
									"functionName": "",
									"attributeReference": {
										"name": "city",
										"entity": "participant_service.participant",
										"entityConnectionReference": {
											"connectionName": "sql_polaris_uat",
											"type": "linkedservicetype"
										}
									}
								},
								{
									"name": "contract_id",
									"type": "Direct",
									"functionName": "",
									"attributeReference": {
										"name": "contract_id",
										"entity": "participant_service.participant",
										"entityConnectionReference": {
											"connectionName": "sql_polaris_uat",
											"type": "linkedservicetype"
										}
									}
								},
								{
									"name": "date_created",
									"type": "Direct",
									"functionName": "",
									"attributeReference": {
										"name": "date_created",
										"entity": "participant_service.participant",
										"entityConnectionReference": {
											"connectionName": "sql_polaris_uat",
											"type": "linkedservicetype"
										}
									}
								},
								{
									"name": "date_of_birth",
									"type": "Direct",
									"functionName": "",
									"attributeReference": {
										"name": "date_of_birth",
										"entity": "participant_service.participant",
										"entityConnectionReference": {
											"connectionName": "sql_polaris_uat",
											"type": "linkedservicetype"
										}
									}
								},
								{
									"name": "date_updated",
									"type": "Direct",
									"functionName": "",
									"attributeReference": {
										"name": "date_updated",
										"entity": "participant_service.participant",
										"entityConnectionReference": {
											"connectionName": "sql_polaris_uat",
											"type": "linkedservicetype"
										}
									}
								},
								{
									"name": "eligibility_group_id",
									"type": "Direct",
									"functionName": "",
									"attributeReference": {
										"name": "eligibility_group_id",
										"entity": "participant_service.participant",
										"entityConnectionReference": {
											"connectionName": "sql_polaris_uat",
											"type": "linkedservicetype"
										}
									}
								},
								{
									"name": "email_address",
									"type": "Direct",
									"functionName": "",
									"attributeReference": {
										"name": "email_address",
										"entity": "participant_service.participant",
										"entityConnectionReference": {
											"connectionName": "sql_polaris_uat",
											"type": "linkedservicetype"
										}
									}
								},
								{
									"name": "first_name",
									"type": "Direct",
									"functionName": "",
									"attributeReference": {
										"name": "first_name",
										"entity": "participant_service.participant",
										"entityConnectionReference": {
											"connectionName": "sql_polaris_uat",
											"type": "linkedservicetype"
										}
									}
								},
								{
									"name": "gender_id",
									"type": "Direct",
									"functionName": "",
									"attributeReference": {
										"name": "gender_id",
										"entity": "participant_service.participant",
										"entityConnectionReference": {
											"connectionName": "sql_polaris_uat",
											"type": "linkedservicetype"
										}
									}
								},
								{
									"name": "good_news_story",
									"type": "Direct",
									"functionName": "",
									"attributeReference": {
										"name": "good_news_story",
										"entity": "participant_service.participant",
										"entityConnectionReference": {
											"connectionName": "sql_polaris_uat",
											"type": "linkedservicetype"
										}
									}
								},
								{
									"name": "id",
									"type": "Direct",
									"functionName": "",
									"attributeReference": {
										"name": "id",
										"entity": "participant_service.participant",
										"entityConnectionReference": {
											"connectionName": "sql_polaris_uat",
											"type": "linkedservicetype"
										}
									}
								},
								{
									"name": "last_name",
									"type": "Direct",
									"functionName": "",
									"attributeReference": {
										"name": "last_name",
										"entity": "participant_service.participant",
										"entityConnectionReference": {
											"connectionName": "sql_polaris_uat",
											"type": "linkedservicetype"
										}
									}
								},
								{
									"name": "latitude",
									"type": "Direct",
									"functionName": "",
									"attributeReference": {
										"name": "latitude",
										"entity": "participant_service.participant",
										"entityConnectionReference": {
											"connectionName": "sql_polaris_uat",
											"type": "linkedservicetype"
										}
									}
								},
								{
									"name": "longitude",
									"type": "Direct",
									"functionName": "",
									"attributeReference": {
										"name": "longitude",
										"entity": "participant_service.participant",
										"entityConnectionReference": {
											"connectionName": "sql_polaris_uat",
											"type": "linkedservicetype"
										}
									}
								},
								{
									"name": "middle_name",
									"type": "Direct",
									"functionName": "",
									"attributeReference": {
										"name": "middle_name",
										"entity": "participant_service.participant",
										"entityConnectionReference": {
											"connectionName": "sql_polaris_uat",
											"type": "linkedservicetype"
										}
									}
								},
								{
									"name": "orion_membership_id",
									"type": "Direct",
									"functionName": "",
									"attributeReference": {
										"name": "orion_membership_id",
										"entity": "participant_service.participant",
										"entityConnectionReference": {
											"connectionName": "sql_polaris_uat",
											"type": "linkedservicetype"
										}
									}
								},
								{
									"name": "participant_status_id",
									"type": "Direct",
									"functionName": "",
									"attributeReference": {
										"name": "participant_status_id",
										"entity": "participant_service.participant",
										"entityConnectionReference": {
											"connectionName": "sql_polaris_uat",
											"type": "linkedservicetype"
										}
									}
								},
								{
									"name": "participant_status_reason_id",
									"type": "Direct",
									"functionName": "",
									"attributeReference": {
										"name": "participant_status_reason_id",
										"entity": "participant_service.participant",
										"entityConnectionReference": {
											"connectionName": "sql_polaris_uat",
											"type": "linkedservicetype"
										}
									}
								},
								{
									"name": "postcode",
									"type": "Direct",
									"functionName": "",
									"attributeReference": {
										"name": "postcode",
										"entity": "participant_service.participant",
										"entityConnectionReference": {
											"connectionName": "sql_polaris_uat",
											"type": "linkedservicetype"
										}
									}
								},
								{
									"name": "preferred_method_of_contact",
									"type": "Direct",
									"functionName": "",
									"attributeReference": {
										"name": "preferred_method_of_contact",
										"entity": "participant_service.participant",
										"entityConnectionReference": {
											"connectionName": "sql_polaris_uat",
											"type": "linkedservicetype"
										}
									}
								},
								{
									"name": "preferred_name",
									"type": "Direct",
									"functionName": "",
									"attributeReference": {
										"name": "preferred_name",
										"entity": "participant_service.participant",
										"entityConnectionReference": {
											"connectionName": "sql_polaris_uat",
											"type": "linkedservicetype"
										}
									}
								},
								{
									"name": "preferred_pronouns",
									"type": "Direct",
									"functionName": "",
									"attributeReference": {
										"name": "preferred_pronouns",
										"entity": "participant_service.participant",
										"entityConnectionReference": {
											"connectionName": "sql_polaris_uat",
											"type": "linkedservicetype"
										}
									}
								},
								{
									"name": "preferred_pronouns_id",
									"type": "Direct",
									"functionName": "",
									"attributeReference": {
										"name": "preferred_pronouns_id",
										"entity": "participant_service.participant",
										"entityConnectionReference": {
											"connectionName": "sql_polaris_uat",
											"type": "linkedservicetype"
										}
									}
								},
								{
									"name": "primary_phone_number",
									"type": "Direct",
									"functionName": "",
									"attributeReference": {
										"name": "primary_phone_number",
										"entity": "participant_service.participant",
										"entityConnectionReference": {
											"connectionName": "sql_polaris_uat",
											"type": "linkedservicetype"
										}
									}
								},
								{
									"name": "pt_code",
									"type": "Direct",
									"functionName": "",
									"attributeReference": {
										"name": "pt_code",
										"entity": "participant_service.participant",
										"entityConnectionReference": {
											"connectionName": "sql_polaris_uat",
											"type": "linkedservicetype"
										}
									}
								},
								{
									"name": "referral_date",
									"type": "Direct",
									"functionName": "",
									"attributeReference": {
										"name": "referral_date",
										"entity": "participant_service.participant",
										"entityConnectionReference": {
											"connectionName": "sql_polaris_uat",
											"type": "linkedservicetype"
										}
									}
								},
								{
									"name": "referral_source_id",
									"type": "Direct",
									"functionName": "",
									"attributeReference": {
										"name": "referral_source_id",
										"entity": "participant_service.participant",
										"entityConnectionReference": {
											"connectionName": "sql_polaris_uat",
											"type": "linkedservicetype"
										}
									}
								},
								{
									"name": "secondary_phone_number",
									"type": "Direct",
									"functionName": "",
									"attributeReference": {
										"name": "secondary_phone_number",
										"entity": "participant_service.participant",
										"entityConnectionReference": {
											"connectionName": "sql_polaris_uat",
											"type": "linkedservicetype"
										}
									}
								},
								{
									"name": "service_id",
									"type": "Direct",
									"functionName": "",
									"attributeReference": {
										"name": "service_id",
										"entity": "participant_service.participant",
										"entityConnectionReference": {
											"connectionName": "sql_polaris_uat",
											"type": "linkedservicetype"
										}
									}
								},
								{
									"name": "start_date",
									"type": "Direct",
									"functionName": "",
									"attributeReference": {
										"name": "start_date",
										"entity": "participant_service.participant",
										"entityConnectionReference": {
											"connectionName": "sql_polaris_uat",
											"type": "linkedservicetype"
										}
									}
								},
								{
									"name": "team_id",
									"type": "Direct",
									"functionName": "",
									"attributeReference": {
										"name": "team_id",
										"entity": "participant_service.participant",
										"entityConnectionReference": {
											"connectionName": "sql_polaris_uat",
											"type": "linkedservicetype"
										}
									}
								},
								{
									"name": "unique_identifier",
									"type": "Direct",
									"functionName": "",
									"attributeReference": {
										"name": "unique_identifier",
										"entity": "participant_service.participant",
										"entityConnectionReference": {
											"connectionName": "sql_polaris_uat",
											"type": "linkedservicetype"
										}
									}
								},
								{
									"name": "unique_identifier_type",
									"type": "Direct",
									"functionName": "",
									"attributeReference": {
										"name": "unique_identifier_type",
										"entity": "participant_service.participant",
										"entityConnectionReference": {
											"connectionName": "sql_polaris_uat",
											"type": "linkedservicetype"
										}
									}
								},
								{
									"name": "user_id",
									"type": "Direct",
									"functionName": "",
									"attributeReference": {
										"name": "user_id",
										"entity": "participant_service.participant",
										"entityConnectionReference": {
											"connectionName": "sql_polaris_uat",
											"type": "linkedservicetype"
										}
									}
								}
							]
						}
					}
				],
				"Relationships": []
			}
		],
		"Policy": {
			"recurrence": {
				"frequency": "Minute",
				"interval": 1
			},
			"mode": "Microbatch"
		},
		"allowVNetOverride": true
	}
}